dt,AverageTemperature,Country
1/1/2012,-0.231,Afghanistan
2/1/2012,0.235,Afghanistan
3/1/2012,8.696,Afghanistan
4/1/2012,16.32,Afghanistan
5/1/2012,21.179,Afghanistan
6/1/2012,25.267,Afghanistan
7/1/2012,28.193,Afghanistan
8/1/2012,26.549,Afghanistan
9/1/2012,20.933,Afghanistan
10/1/2012,15.031,Afghanistan
11/1/2012,8.7,Afghanistan
12/1/2012,2.907,Afghanistan
1/1/2012,21.151,Africa
2/1/2012,22.648,Africa
3/1/2012,24.357,Africa
4/1/2012,25.621,Africa
5/1/2012,26.627,Africa
6/1/2012,26.302,Africa
7/1/2012,25.513,Africa
8/1/2012,26.042,Africa
9/1/2012,26.147,Africa
10/1/2012,25.713,Africa
11/1/2012,24.607,Africa
12/1/2012,21.983,Africa
1/1/2012,1.687,Albania
2/1/2012,1.977,Albania
3/1/2012,9.135,Albania
4/1/2012,12.053,Albania
5/1/2012,16.316,Albania
6/1/2012,22.309,Albania
7/1/2012,25.474,Albania
8/1/2012,24.966,Albania
9/1/2012,20.454,Albania
10/1/2012,15.759,Albania
11/1/2012,11.269,Albania
12/1/2012,3.82,Albania
1/1/2012,11.363,Algeria
2/1/2012,12.09,Algeria
3/1/2012,18.32,Algeria
4/1/2012,23.349,Algeria
5/1/2012,29.664,Algeria
6/1/2012,33.977,Algeria
7/1/2012,34.958,Algeria
8/1/2012,34.01,Algeria
9/1/2012,30.224,Algeria
10/1/2012,25.834,Algeria
11/1/2012,20.031,Algeria
12/1/2012,13.638,Algeria
1/1/2012,27.145,American Samoa
2/1/2012,27.134,American Samoa
3/1/2012,27.045,American Samoa
4/1/2012,27.266,American Samoa
5/1/2012,27.179,American Samoa
6/1/2012,27.065,American Samoa
7/1/2012,26.629,American Samoa
8/1/2012,26.922,American Samoa
9/1/2012,27.278,American Samoa
10/1/2012,27.475,American Samoa
11/1/2012,27.963,American Samoa
12/1/2012,27.316,American Samoa
1/1/2012,5.145,Andorra
2/1/2012,1.705,Andorra
3/1/2012,9.405,Andorra
4/1/2012,9.752,Andorra
5/1/2012,15.136,Andorra
6/1/2012,18.817,Andorra
7/1/2012,20.512,Andorra
8/1/2012,22.514,Andorra
9/1/2012,17.539,Andorra
10/1/2012,13.261,Andorra
11/1/2012,8.62,Andorra
12/1/2012,5.673,Andorra
1/1/2012,22.152,Angola
2/1/2012,22.038,Angola
3/1/2012,23.438,Angola
4/1/2012,22.554,Angola
5/1/2012,20.979,Angola
6/1/2012,18.693,Angola
7/1/2012,18.891,Angola
8/1/2012,21.817,Angola
9/1/2012,23.797,Angola
10/1/2012,23.736,Angola
11/1/2012,24.344,Angola
12/1/2012,23.041,Angola
1/1/2012,25.678,Anguilla
2/1/2012,25.868,Anguilla
3/1/2012,26.182,Anguilla
4/1/2012,26.622,Anguilla
5/1/2012,27.448,Anguilla
6/1/2012,28.883,Anguilla
7/1/2012,29.073,Anguilla
8/1/2012,29.171,Anguilla
9/1/2012,29.309,Anguilla
10/1/2012,28.758,Anguilla
11/1/2012,28.203,Anguilla
12/1/2012,26.476,Anguilla
1/1/2012,,Antarctica
2/1/2012,,Antarctica
3/1/2012,,Antarctica
4/1/2012,,Antarctica
5/1/2012,,Antarctica
6/1/2012,,Antarctica
7/1/2012,,Antarctica
8/1/2012,,Antarctica
9/1/2012,,Antarctica
10/1/2012,,Antarctica
11/1/2012,,Antarctica
12/1/2012,,Antarctica
1/1/2012,25.582,Antigua And Barbuda
2/1/2012,25.654,Antigua And Barbuda
3/1/2012,25.985,Antigua And Barbuda
4/1/2012,26.553,Antigua And Barbuda
5/1/2012,27.362,Antigua And Barbuda
6/1/2012,28.813,Antigua And Barbuda
7/1/2012,28.898,Antigua And Barbuda
8/1/2012,28.903,Antigua And Barbuda
9/1/2012,28.921,Antigua And Barbuda
10/1/2012,28.312,Antigua And Barbuda
11/1/2012,27.89,Antigua And Barbuda
12/1/2012,26.329,Antigua And Barbuda
1/1/2012,23.29,Argentina
2/1/2012,21.487,Argentina
3/1/2012,19.34,Argentina
4/1/2012,14.663,Argentina
5/1/2012,12.433,Argentina
6/1/2012,8.353,Argentina
7/1/2012,6.98,Argentina
8/1/2012,10.842,Argentina
9/1/2012,13.931,Argentina
10/1/2012,16.311,Argentina
11/1/2012,19.677,Argentina
12/1/2012,20.961,Argentina
1/1/2012,-2.78,Armenia
2/1/2012,-5.479,Armenia
3/1/2012,0.363,Armenia
4/1/2012,12.004,Armenia
5/1/2012,16.084,Armenia
6/1/2012,20.418,Armenia
7/1/2012,22.252,Armenia
8/1/2012,23.687,Armenia
9/1/2012,18.592,Armenia
10/1/2012,13.265,Armenia
11/1/2012,6.766,Armenia
12/1/2012,-0.963,Armenia
1/1/2012,26.879,Aruba
2/1/2012,26.976,Aruba
3/1/2012,27.066,Aruba
4/1/2012,27.516,Aruba
5/1/2012,29.117,Aruba
6/1/2012,29.993,Aruba
7/1/2012,30.339,Aruba
8/1/2012,30.232,Aruba
9/1/2012,30.112,Aruba
10/1/2012,29.067,Aruba
11/1/2012,28.764,Aruba
12/1/2012,27.767,Aruba
1/1/2012,-7.158,Asia
2/1/2012,-5.225,Asia
3/1/2012,1.339,Asia
4/1/2012,10.522,Asia
5/1/2012,16.468,Asia
6/1/2012,20.934,Asia
7/1/2012,22.444,Asia
8/1/2012,20.591,Asia
9/1/2012,16.36,Asia
10/1/2012,9.425,Asia
11/1/2012,1.459,Asia
12/1/2012,-6.007,Asia
1/1/2012,27.904,Australia
2/1/2012,27.2,Australia
3/1/2012,24.699,Australia
4/1/2012,22.208,Australia
5/1/2012,17.762,Australia
6/1/2012,14.674,Australia
7/1/2012,14.027,Australia
8/1/2012,16.408,Australia
9/1/2012,20.474,Australia
10/1/2012,23.586,Australia
11/1/2012,26.935,Australia
12/1/2012,28.417,Australia
1/1/2012,-1.791,Austria
2/1/2012,-5.61,Austria
3/1/2012,5.287,Austria
4/1/2012,7.339,Austria
5/1/2012,12.795,Austria
6/1/2012,16.222,Austria
7/1/2012,17.555,Austria
8/1/2012,17.923,Austria
9/1/2012,12.887,Austria
10/1/2012,7.277,Austria
11/1/2012,3.844,Austria
12/1/2012,-2.392,Austria
1/1/2012,0.312,Azerbaijan
2/1/2012,-1.789,Azerbaijan
3/1/2012,3.631,Azerbaijan
4/1/2012,14.466,Azerbaijan
5/1/2012,19.13,Azerbaijan
6/1/2012,23.063,Azerbaijan
7/1/2012,24.381,Azerbaijan
8/1/2012,25.547,Azerbaijan
9/1/2012,20.219,Azerbaijan
10/1/2012,15.834,Azerbaijan
11/1/2012,9.433,Azerbaijan
12/1/2012,2.814,Azerbaijan
1/1/2012,22.52,Bahamas
2/1/2012,23.599,Bahamas
3/1/2012,24.291,Bahamas
4/1/2012,24.488,Bahamas
5/1/2012,26.476,Bahamas
6/1/2012,27.932,Bahamas
7/1/2012,28.748,Bahamas
8/1/2012,28.988,Bahamas
9/1/2012,28.259,Bahamas
10/1/2012,26.903,Bahamas
11/1/2012,23.789,Bahamas
12/1/2012,23.804,Bahamas
1/1/2012,16.301,Bahrain
2/1/2012,17.295,Bahrain
3/1/2012,19.899,Bahrain
4/1/2012,26.471,Bahrain
5/1/2012,33.398,Bahrain
6/1/2012,35.773,Bahrain
7/1/2012,37.471,Bahrain
8/1/2012,36.749,Bahrain
9/1/2012,33.648,Bahrain
10/1/2012,30.131,Bahrain
11/1/2012,24.035,Bahrain
12/1/2012,19.181,Bahrain
1/1/2012,26,Baker Island
2/1/2012,26.313,Baker Island
3/1/2012,26.268,Baker Island
4/1/2012,26.243,Baker Island
5/1/2012,26.465,Baker Island
6/1/2012,26.143,Baker Island
7/1/2012,25.487,Baker Island
8/1/2012,26.291,Baker Island
9/1/2012,26.22,Baker Island
10/1/2012,26.047,Baker Island
11/1/2012,26.182,Baker Island
12/1/2012,26.518,Baker Island
1/1/2012,17.925,Bangladesh
2/1/2012,21.282,Bangladesh
3/1/2012,26.076,Bangladesh
4/1/2012,27.62,Bangladesh
5/1/2012,29.416,Bangladesh
6/1/2012,29.085,Bangladesh
7/1/2012,28.599,Bangladesh
8/1/2012,28.908,Bangladesh
9/1/2012,28.626,Bangladesh
10/1/2012,26.631,Bangladesh
11/1/2012,23.139,Bangladesh
12/1/2012,19.096,Bangladesh
1/1/2012,26.06,Barbados
2/1/2012,25.81,Barbados
3/1/2012,26.216,Barbados
4/1/2012,26.733,Barbados
5/1/2012,27.46,Barbados
6/1/2012,28.321,Barbados
7/1/2012,28.278,Barbados
8/1/2012,28.195,Barbados
9/1/2012,28.402,Barbados
10/1/2012,28.019,Barbados
11/1/2012,27.922,Barbados
12/1/2012,26.744,Barbados
1/1/2012,-4.867,Belarus
2/1/2012,-10.805,Belarus
3/1/2012,1.189,Belarus
4/1/2012,8.391,Belarus
5/1/2012,14.965,Belarus
6/1/2012,16.114,Belarus
7/1/2012,20.618,Belarus
8/1/2012,17.781,Belarus
9/1/2012,13.68,Belarus
10/1/2012,7.188,Belarus
11/1/2012,3.804,Belarus
12/1/2012,-6.036,Belarus
1/1/2012,4.425,Belgium
2/1/2012,0.116,Belgium
3/1/2012,8.578,Belgium
4/1/2012,8.408,Belgium
5/1/2012,14.479,Belgium
6/1/2012,15.301,Belgium
7/1/2012,17.617,Belgium
8/1/2012,19.277,Belgium
9/1/2012,14.538,Belgium
10/1/2012,10.501,Belgium
11/1/2012,6.583,Belgium
12/1/2012,4.399,Belgium
1/1/2012,23.54,Belize
2/1/2012,24.673,Belize
3/1/2012,25.464,Belize
4/1/2012,26.86,Belize
5/1/2012,27.61,Belize
6/1/2012,27.307,Belize
7/1/2012,26.806,Belize
8/1/2012,26.893,Belize
9/1/2012,27.05,Belize
10/1/2012,25.326,Belize
11/1/2012,23.542,Belize
12/1/2012,23.742,Belize
1/1/2012,26.974,Benin
2/1/2012,29.482,Benin
3/1/2012,30.852,Benin
4/1/2012,30.547,Benin
5/1/2012,28.725,Benin
6/1/2012,27.413,Benin
7/1/2012,25.818,Benin
8/1/2012,25.44,Benin
9/1/2012,25.947,Benin
10/1/2012,26.61,Benin
11/1/2012,28.266,Benin
12/1/2012,26.948,Benin
1/1/2012,2.955,Bhutan
2/1/2012,6.801,Bhutan
3/1/2012,10.474,Bhutan
4/1/2012,12.74,Bhutan
5/1/2012,16.171,Bhutan
6/1/2012,17.85,Bhutan
7/1/2012,18.286,Bhutan
8/1/2012,18.55,Bhutan
9/1/2012,16.621,Bhutan
10/1/2012,12.858,Bhutan
11/1/2012,8.509,Bhutan
12/1/2012,5.542,Bhutan
1/1/2012,22.889,Bolivia
2/1/2012,22.507,Bolivia
3/1/2012,22.394,Bolivia
4/1/2012,21.71,Bolivia
5/1/2012,19.898,Bolivia
6/1/2012,18.334,Bolivia
7/1/2012,17.679,Bolivia
8/1/2012,20.173,Bolivia
9/1/2012,22.869,Bolivia
10/1/2012,23.905,Bolivia
11/1/2012,23.592,Bolivia
12/1/2012,23.336,Bolivia
1/1/2012,26.188,"Bonaire, Saint Eustatius And Saba"
2/1/2012,26.382,"Bonaire, Saint Eustatius And Saba"
3/1/2012,26.595,"Bonaire, Saint Eustatius And Saba"
4/1/2012,27.243,"Bonaire, Saint Eustatius And Saba"
5/1/2012,28.316,"Bonaire, Saint Eustatius And Saba"
6/1/2012,29.115,"Bonaire, Saint Eustatius And Saba"
7/1/2012,29.215,"Bonaire, Saint Eustatius And Saba"
8/1/2012,29.225,"Bonaire, Saint Eustatius And Saba"
9/1/2012,29.403,"Bonaire, Saint Eustatius And Saba"
10/1/2012,28.83,"Bonaire, Saint Eustatius And Saba"
11/1/2012,28.435,"Bonaire, Saint Eustatius And Saba"
12/1/2012,27.01,"Bonaire, Saint Eustatius And Saba"
1/1/2012,0.807,Bosnia And Herzegovina
2/1/2012,-2.802,Bosnia And Herzegovina
3/1/2012,8.695,Bosnia And Herzegovina
4/1/2012,11.082,Bosnia And Herzegovina
5/1/2012,15.295,Bosnia And Herzegovina
6/1/2012,21.634,Bosnia And Herzegovina
7/1/2012,24.029,Bosnia And Herzegovina
8/1/2012,23.628,Bosnia And Herzegovina
9/1/2012,18.606,Bosnia And Herzegovina
10/1/2012,12.821,Bosnia And Herzegovina
11/1/2012,9.317,Bosnia And Herzegovina
12/1/2012,1.236,Bosnia And Herzegovina
1/1/2012,26.631,Botswana
2/1/2012,25.921,Botswana
3/1/2012,25.246,Botswana
4/1/2012,21.905,Botswana
5/1/2012,19.645,Botswana
6/1/2012,15.454,Botswana
7/1/2012,14.986,Botswana
8/1/2012,18.903,Botswana
9/1/2012,21.967,Botswana
10/1/2012,24.825,Botswana
11/1/2012,27.04,Botswana
12/1/2012,26.278,Botswana
1/1/2012,25.399,Brazil
2/1/2012,25.653,Brazil
3/1/2012,25.783,Brazil
4/1/2012,25.675,Brazil
5/1/2012,24.891,Brazil
6/1/2012,24.578,Brazil
7/1/2012,24.171,Brazil
8/1/2012,25.349,Brazil
9/1/2012,26.728,Brazil
10/1/2012,27.12,Brazil
11/1/2012,26.683,Brazil
12/1/2012,26.575,Brazil
1/1/2012,25.197,British Virgin Islands
2/1/2012,25.541,British Virgin Islands
3/1/2012,25.784,British Virgin Islands
4/1/2012,26.358,British Virgin Islands
5/1/2012,27.238,British Virgin Islands
6/1/2012,28.824,British Virgin Islands
7/1/2012,28.826,British Virgin Islands
8/1/2012,28.907,British Virgin Islands
9/1/2012,28.98,British Virgin Islands
10/1/2012,28.495,British Virgin Islands
11/1/2012,27.946,British Virgin Islands
12/1/2012,26.226,British Virgin Islands
1/1/2012,-1.052,Bulgaria
2/1/2012,-3.235,Bulgaria
3/1/2012,6.334,Bulgaria
4/1/2012,12.45,Bulgaria
5/1/2012,16.027,Bulgaria
6/1/2012,21.711,Bulgaria
7/1/2012,25.063,Bulgaria
8/1/2012,23.591,Bulgaria
9/1/2012,19.393,Bulgaria
10/1/2012,14.634,Bulgaria
11/1/2012,8.665,Bulgaria
12/1/2012,0.75,Bulgaria
1/1/2012,24.725,Burkina Faso
2/1/2012,28.344,Burkina Faso
3/1/2012,31.04,Burkina Faso
4/1/2012,32.543,Burkina Faso
5/1/2012,31.766,Burkina Faso
6/1/2012,29.907,Burkina Faso
7/1/2012,27.439,Burkina Faso
8/1/2012,26.729,Burkina Faso
9/1/2012,27.21,Burkina Faso
10/1/2012,28.6,Burkina Faso
11/1/2012,29.298,Burkina Faso
12/1/2012,25.959,Burkina Faso
1/1/2012,19.607,Burma
2/1/2012,22.194,Burma
3/1/2012,25.042,Burma
4/1/2012,27.063,Burma
5/1/2012,28.081,Burma
6/1/2012,26.806,Burma
7/1/2012,26.206,Burma
8/1/2012,26.233,Burma
9/1/2012,26.293,Burma
10/1/2012,25.161,Burma
11/1/2012,23.777,Burma
12/1/2012,20.35,Burma
1/1/2012,21.078,Burundi
2/1/2012,20.784,Burundi
3/1/2012,20.8,Burundi
4/1/2012,20.043,Burundi
5/1/2012,20.149,Burundi
6/1/2012,20.59,Burundi
7/1/2012,20.299,Burundi
8/1/2012,21.355,Burundi
9/1/2012,21.998,Burundi
10/1/2012,21.107,Burundi
11/1/2012,20.756,Burundi
12/1/2012,20.092,Burundi
1/1/2012,26.308,Côte D'Ivoire
2/1/2012,27.506,Côte D'Ivoire
3/1/2012,28.576,Côte D'Ivoire
4/1/2012,27.873,Côte D'Ivoire
5/1/2012,27.065,Côte D'Ivoire
6/1/2012,26.172,Côte D'Ivoire
7/1/2012,25.253,Côte D'Ivoire
8/1/2012,25.082,Côte D'Ivoire
9/1/2012,25.669,Côte D'Ivoire
10/1/2012,25.862,Côte D'Ivoire
11/1/2012,27.003,Côte D'Ivoire
12/1/2012,26.26,Côte D'Ivoire
1/1/2012,26.039,Cambodia
2/1/2012,27.663,Cambodia
3/1/2012,28.972,Cambodia
4/1/2012,29.098,Cambodia
5/1/2012,28.591,Cambodia
6/1/2012,28.284,Cambodia
7/1/2012,27.737,Cambodia
8/1/2012,27.887,Cambodia
9/1/2012,27.24,Cambodia
10/1/2012,27.334,Cambodia
11/1/2012,27.724,Cambodia
12/1/2012,27.106,Cambodia
1/1/2012,24.337,Cameroon
2/1/2012,26.079,Cameroon
3/1/2012,27.081,Cameroon
4/1/2012,26.769,Cameroon
5/1/2012,25.369,Cameroon
6/1/2012,24.38,Cameroon
7/1/2012,23.455,Cameroon
8/1/2012,23.805,Cameroon
9/1/2012,23.93,Cameroon
10/1/2012,23.979,Cameroon
11/1/2012,24.836,Cameroon
12/1/2012,24.504,Cameroon
1/1/2012,-20.472,Canada
2/1/2012,-16.499,Canada
3/1/2012,-13.599,Canada
4/1/2012,-5.276,Canada
5/1/2012,4.045,Canada
6/1/2012,11.008,Canada
7/1/2012,14.796,Canada
8/1/2012,13.045,Canada
9/1/2012,7.907,Canada
10/1/2012,-1.814,Canada
11/1/2012,-12.093,Canada
12/1/2012,-19.17,Canada
1/1/2012,22.693,Cape Verde
2/1/2012,21.677,Cape Verde
3/1/2012,23.31,Cape Verde
4/1/2012,22.872,Cape Verde
5/1/2012,24.78,Cape Verde
6/1/2012,25.131,Cape Verde
7/1/2012,26.459,Cape Verde
8/1/2012,28.134,Cape Verde
9/1/2012,28.346,Cape Verde
10/1/2012,27.78,Cape Verde
11/1/2012,26.365,Cape Verde
12/1/2012,23.695,Cape Verde
1/1/2012,24.954,Cayman Islands
2/1/2012,25.658,Cayman Islands
3/1/2012,26.323,Cayman Islands
4/1/2012,26.727,Cayman Islands
5/1/2012,27.724,Cayman Islands
6/1/2012,28.676,Cayman Islands
7/1/2012,28.837,Cayman Islands
8/1/2012,29.197,Cayman Islands
9/1/2012,28.779,Cayman Islands
10/1/2012,27.673,Cayman Islands
11/1/2012,25.439,Cayman Islands
12/1/2012,25.468,Cayman Islands
1/1/2012,24.281,Central African Republic
2/1/2012,27.403,Central African Republic
3/1/2012,28.202,Central African Republic
4/1/2012,27.628,Central African Republic
5/1/2012,26.181,Central African Republic
6/1/2012,25.344,Central African Republic
7/1/2012,23.929,Central African Republic
8/1/2012,24.63,Central African Republic
9/1/2012,24.932,Central African Republic
10/1/2012,24.955,Central African Republic
11/1/2012,25.683,Central African Republic
12/1/2012,24.506,Central African Republic
1/1/2012,22.525,Chad
2/1/2012,26.868,Chad
3/1/2012,27.333,Chad
4/1/2012,31.069,Chad
5/1/2012,31.717,Chad
6/1/2012,30.038,Chad
7/1/2012,27.655,Chad
8/1/2012,27.975,Chad
9/1/2012,28.498,Chad
10/1/2012,28.517,Chad
11/1/2012,27.15,Chad
12/1/2012,23.069,Chad
1/1/2012,15.435,Chile
2/1/2012,14.048,Chile
3/1/2012,13.561,Chile
4/1/2012,10.131,Chile
5/1/2012,8.043,Chile
6/1/2012,5.741,Chile
7/1/2012,5.072,Chile
8/1/2012,6.901,Chile
9/1/2012,8.94,Chile
10/1/2012,10.114,Chile
11/1/2012,12.337,Chile
12/1/2012,12.948,Chile
1/1/2012,-9.344,China
2/1/2012,-5.193,China
3/1/2012,1.666,China
4/1/2012,9.736,China
5/1/2012,15.09,China
6/1/2012,18.236,China
7/1/2012,20.389,China
8/1/2012,19.458,China
9/1/2012,14.479,China
10/1/2012,7.684,China
11/1/2012,-0.254,China
12/1/2012,-7.022,China
1/1/2012,26.514,Christmas Island
2/1/2012,26.786,Christmas Island
3/1/2012,26.543,Christmas Island
4/1/2012,27.115,Christmas Island
5/1/2012,27.316,Christmas Island
6/1/2012,26.731,Christmas Island
7/1/2012,25.938,Christmas Island
8/1/2012,25.77,Christmas Island
9/1/2012,26.033,Christmas Island
10/1/2012,26.824,Christmas Island
11/1/2012,27.419,Christmas Island
12/1/2012,27.053,Christmas Island
1/1/2012,25.143,Colombia
2/1/2012,25.453,Colombia
3/1/2012,25.51,Colombia
4/1/2012,24.977,Colombia
5/1/2012,25.334,Colombia
6/1/2012,25.659,Colombia
7/1/2012,25.312,Colombia
8/1/2012,25.529,Colombia
9/1/2012,25.613,Colombia
10/1/2012,25.243,Colombia
11/1/2012,25.575,Colombia
12/1/2012,25.228,Colombia
1/1/2012,27.499,Comoros
2/1/2012,27.702,Comoros
3/1/2012,27.493,Comoros
4/1/2012,27.135,Comoros
5/1/2012,26.416,Comoros
6/1/2012,25.33,Comoros
7/1/2012,24.543,Comoros
8/1/2012,24.527,Comoros
9/1/2012,24.998,Comoros
10/1/2012,25.912,Comoros
11/1/2012,27.161,Comoros
12/1/2012,27.883,Comoros
1/1/2012,24.003,Congo (Democratic Republic Of The)
2/1/2012,24.361,Congo (Democratic Republic Of The)
3/1/2012,25.059,Congo (Democratic Republic Of The)
4/1/2012,24.422,Congo (Democratic Republic Of The)
5/1/2012,24.145,Congo (Democratic Republic Of The)
6/1/2012,23.684,Congo (Democratic Republic Of The)
7/1/2012,23.218,Congo (Democratic Republic Of The)
8/1/2012,24.261,Congo (Democratic Republic Of The)
9/1/2012,24.609,Congo (Democratic Republic Of The)
10/1/2012,24.16,Congo (Democratic Republic Of The)
11/1/2012,24.525,Congo (Democratic Republic Of The)
12/1/2012,24.029,Congo (Democratic Republic Of The)
1/1/2012,24.786,Congo
2/1/2012,25.213,Congo
3/1/2012,26.177,Congo
4/1/2012,25.774,Congo
5/1/2012,25.357,Congo
6/1/2012,24.165,Congo
7/1/2012,23.611,Congo
8/1/2012,24.216,Congo
9/1/2012,24.6,Congo
10/1/2012,24.654,Congo
11/1/2012,24.997,Congo
12/1/2012,24.932,Congo
1/1/2012,25.706,Costa Rica
2/1/2012,26.717,Costa Rica
3/1/2012,27.232,Costa Rica
4/1/2012,27.044,Costa Rica
5/1/2012,27.056,Costa Rica
6/1/2012,26.786,Costa Rica
7/1/2012,26.5,Costa Rica
8/1/2012,26.794,Costa Rica
9/1/2012,26.039,Costa Rica
10/1/2012,24.912,Costa Rica
11/1/2012,25.125,Costa Rica
12/1/2012,25.473,Costa Rica
1/1/2012,2.477,Croatia
2/1/2012,-1.232,Croatia
3/1/2012,9.972,Croatia
4/1/2012,12.226,Croatia
5/1/2012,16.713,Croatia
6/1/2012,22.276,Croatia
7/1/2012,24.613,Croatia
8/1/2012,24.412,Croatia
9/1/2012,18.973,Croatia
10/1/2012,13.168,Croatia
11/1/2012,9.883,Croatia
12/1/2012,2.201,Croatia
1/1/2012,23.468,Cuba
2/1/2012,24.418,Cuba
3/1/2012,24.904,Cuba
4/1/2012,25.255,Cuba
5/1/2012,26.542,Cuba
6/1/2012,27.778,Cuba
7/1/2012,28.026,Cuba
8/1/2012,28.301,Cuba
9/1/2012,27.983,Cuba
10/1/2012,26.954,Cuba
11/1/2012,24.587,Cuba
12/1/2012,24.492,Cuba
1/1/2012,26.364,Curaçao
2/1/2012,26.567,Curaçao
3/1/2012,26.736,Curaçao
4/1/2012,27.306,Curaçao
5/1/2012,28.595,Curaçao
6/1/2012,29.09,Curaçao
7/1/2012,29.335,Curaçao
8/1/2012,29.354,Curaçao
9/1/2012,29.463,Curaçao
10/1/2012,28.591,Curaçao
11/1/2012,28.174,Curaçao
12/1/2012,27.061,Curaçao
1/1/2012,11.202,Cyprus
2/1/2012,11.042,Cyprus
3/1/2012,13.001,Cyprus
4/1/2012,17.59,Cyprus
5/1/2012,21.244,Cyprus
6/1/2012,25.563,Cyprus
7/1/2012,28.942,Cyprus
8/1/2012,28.773,Cyprus
9/1/2012,26.481,Cyprus
10/1/2012,23.179,Cyprus
11/1/2012,18.952,Cyprus
12/1/2012,14.175,Cyprus
1/1/2012,0.281,Czech Republic
2/1/2012,-4.549,Czech Republic
3/1/2012,6.145,Czech Republic
4/1/2012,8.842,Czech Republic
5/1/2012,14.982,Czech Republic
6/1/2012,16.94,Czech Republic
7/1/2012,19.052,Czech Republic
8/1/2012,19.156,Czech Republic
9/1/2012,14.289,Czech Republic
10/1/2012,8.085,Czech Republic
11/1/2012,5.046,Czech Republic
12/1/2012,-1.138,Czech Republic
1/1/2012,2.424,Denmark (Europe)
2/1/2012,-0.216,Denmark (Europe)
3/1/2012,5.912,Denmark (Europe)
4/1/2012,6.537,Denmark (Europe)
5/1/2012,12.616,Denmark (Europe)
6/1/2012,13.266,Denmark (Europe)
7/1/2012,16.612,Denmark (Europe)
8/1/2012,17.223,Denmark (Europe)
9/1/2012,13.546,Denmark (Europe)
10/1/2012,8.862,Denmark (Europe)
11/1/2012,6.099,Denmark (Europe)
12/1/2012,0.178,Denmark (Europe)
1/1/2012,-27.273,Denmark
2/1/2012,-28.514,Denmark
3/1/2012,-28.244,Denmark
4/1/2012,-20.064,Denmark
5/1/2012,-10.398,Denmark
6/1/2012,-2.907,Denmark
7/1/2012,0.636,Denmark
8/1/2012,-1.869,Denmark
9/1/2012,-8.641,Denmark
10/1/2012,-17.445,Denmark
11/1/2012,-23.973,Denmark
12/1/2012,-26.439,Denmark
1/1/2012,25.527,Djibouti
2/1/2012,26.175,Djibouti
3/1/2012,27.445,Djibouti
4/1/2012,28.816,Djibouti
5/1/2012,30.668,Djibouti
6/1/2012,33.877,Djibouti
7/1/2012,34.827,Djibouti
8/1/2012,35.053,Djibouti
9/1/2012,32.899,Djibouti
10/1/2012,29.849,Djibouti
11/1/2012,27.531,Djibouti
12/1/2012,26.416,Djibouti
1/1/2012,25.56,Dominica
2/1/2012,25.365,Dominica
3/1/2012,25.765,Dominica
4/1/2012,26.389,Dominica
5/1/2012,27.248,Dominica
6/1/2012,28.638,Dominica
7/1/2012,28.374,Dominica
8/1/2012,28.179,Dominica
9/1/2012,28.27,Dominica
10/1/2012,27.835,Dominica
11/1/2012,27.567,Dominica
12/1/2012,26.158,Dominica
1/1/2012,24.326,Dominican Republic
2/1/2012,24.688,Dominican Republic
3/1/2012,24.998,Dominican Republic
4/1/2012,25.372,Dominican Republic
5/1/2012,26.755,Dominican Republic
6/1/2012,27.907,Dominican Republic
7/1/2012,28.049,Dominican Republic
8/1/2012,28.023,Dominican Republic
9/1/2012,27.242,Dominican Republic
10/1/2012,26.801,Dominican Republic
11/1/2012,26.51,Dominican Republic
12/1/2012,25.41,Dominican Republic
1/1/2012,22.176,Ecuador
2/1/2012,22.237,Ecuador
3/1/2012,22.759,Ecuador
4/1/2012,22.661,Ecuador
5/1/2012,22.954,Ecuador
6/1/2012,22.981,Ecuador
7/1/2012,22.087,Ecuador
8/1/2012,22.003,Ecuador
9/1/2012,22.12,Ecuador
10/1/2012,22.254,Ecuador
11/1/2012,22.686,Ecuador
12/1/2012,22.433,Ecuador
1/1/2012,12.489,Egypt
2/1/2012,15.536,Egypt
3/1/2012,18.045,Egypt
4/1/2012,24.626,Egypt
5/1/2012,28.515,Egypt
6/1/2012,31.2,Egypt
7/1/2012,31.642,Egypt
8/1/2012,31.297,Egypt
9/1/2012,28.853,Egypt
10/1/2012,26.466,Egypt
11/1/2012,21.105,Egypt
12/1/2012,15.477,Egypt
1/1/2012,24.833,El Salvador
2/1/2012,25.898,El Salvador
3/1/2012,26.644,El Salvador
4/1/2012,26.533,El Salvador
5/1/2012,26.345,El Salvador
6/1/2012,26.033,El Salvador
7/1/2012,25.678,El Salvador
8/1/2012,25.781,El Salvador
9/1/2012,25.46,El Salvador
10/1/2012,24.478,El Salvador
11/1/2012,24.373,El Salvador
12/1/2012,24.668,El Salvador
1/1/2012,26.216,Equatorial Guinea
2/1/2012,25.971,Equatorial Guinea
3/1/2012,27.106,Equatorial Guinea
4/1/2012,26.548,Equatorial Guinea
5/1/2012,25.982,Equatorial Guinea
6/1/2012,25.061,Equatorial Guinea
7/1/2012,23.863,Equatorial Guinea
8/1/2012,24.39,Equatorial Guinea
9/1/2012,24.88,Equatorial Guinea
10/1/2012,25.047,Equatorial Guinea
11/1/2012,25.453,Equatorial Guinea
12/1/2012,25.925,Equatorial Guinea
1/1/2012,23.988,Eritrea
2/1/2012,25.686,Eritrea
3/1/2012,26.769,Eritrea
4/1/2012,27.394,Eritrea
5/1/2012,29.949,Eritrea
6/1/2012,31.494,Eritrea
7/1/2012,30.233,Eritrea
8/1/2012,29.801,Eritrea
9/1/2012,29.261,Eritrea
10/1/2012,28.397,Eritrea
11/1/2012,26.593,Eritrea
12/1/2012,24.996,Eritrea
1/1/2012,-4.836,Estonia
2/1/2012,-9.498,Estonia
3/1/2012,-0.036,Estonia
4/1/2012,4.89,Estonia
5/1/2012,11.796,Estonia
6/1/2012,13.914,Estonia
7/1/2012,18.625,Estonia
8/1/2012,16.004,Estonia
9/1/2012,13.015,Estonia
10/1/2012,6.224,Estonia
11/1/2012,2.749,Estonia
12/1/2012,-7.015,Estonia
1/1/2012,22.259,Ethiopia
2/1/2012,23.809,Ethiopia
3/1/2012,24.215,Ethiopia
4/1/2012,24.517,Ethiopia
5/1/2012,24.812,Ethiopia
6/1/2012,25.559,Ethiopia
7/1/2012,24.123,Ethiopia
8/1/2012,24.694,Ethiopia
9/1/2012,24.247,Ethiopia
10/1/2012,23.654,Ethiopia
11/1/2012,23.096,Ethiopia
12/1/2012,22.729,Ethiopia
1/1/2012,-0.354,Europe
2/1/2012,-3.343,Europe
3/1/2012,5.193,Europe
4/1/2012,7.881,Europe
5/1/2012,13.614,Europe
6/1/2012,16.675,Europe
7/1/2012,19.484,Europe
8/1/2012,19.079,Europe
9/1/2012,14.741,Europe
10/1/2012,9.406,Europe
11/1/2012,5.478,Europe
12/1/2012,-0.899,Europe
1/1/2012,11.601,Falkland Islands (Islas Malvinas)
2/1/2012,8.898,Falkland Islands (Islas Malvinas)
3/1/2012,9.196,Falkland Islands (Islas Malvinas)
4/1/2012,6.155,Falkland Islands (Islas Malvinas)
5/1/2012,5.885,Falkland Islands (Islas Malvinas)
6/1/2012,3.28,Falkland Islands (Islas Malvinas)
7/1/2012,3.325,Falkland Islands (Islas Malvinas)
8/1/2012,5.886,Falkland Islands (Islas Malvinas)
9/1/2012,4.852,Falkland Islands (Islas Malvinas)
10/1/2012,6.333,Falkland Islands (Islas Malvinas)
11/1/2012,8.022,Falkland Islands (Islas Malvinas)
12/1/2012,7.05,Falkland Islands (Islas Malvinas)
1/1/2012,5.001,Faroe Islands
2/1/2012,6.143,Faroe Islands
3/1/2012,6.902,Faroe Islands
4/1/2012,4.452,Faroe Islands
5/1/2012,6.256,Faroe Islands
6/1/2012,7.367,Faroe Islands
7/1/2012,10.009,Faroe Islands
8/1/2012,11.491,Faroe Islands
9/1/2012,9.302,Faroe Islands
10/1/2012,7.265,Faroe Islands
11/1/2012,5.727,Faroe Islands
12/1/2012,3.862,Faroe Islands
1/1/2012,27.657,Federated States Of Micronesia
2/1/2012,27.374,Federated States Of Micronesia
3/1/2012,27.779,Federated States Of Micronesia
4/1/2012,27.727,Federated States Of Micronesia
5/1/2012,27.53,Federated States Of Micronesia
6/1/2012,27.573,Federated States Of Micronesia
7/1/2012,27.635,Federated States Of Micronesia
8/1/2012,27.745,Federated States Of Micronesia
9/1/2012,27.841,Federated States Of Micronesia
10/1/2012,27.599,Federated States Of Micronesia
11/1/2012,27.931,Federated States Of Micronesia
12/1/2012,27.837,Federated States Of Micronesia
1/1/2012,26.517,Fiji
2/1/2012,26.478,Fiji
3/1/2012,27.094,Fiji
4/1/2012,25.966,Fiji
5/1/2012,24.967,Fiji
6/1/2012,24.28,Fiji
7/1/2012,24.095,Fiji
8/1/2012,24.076,Fiji
9/1/2012,24.402,Fiji
10/1/2012,25.261,Fiji
11/1/2012,25.743,Fiji
12/1/2012,26.86,Fiji
1/1/2012,-9.494,Finland
2/1/2012,-12.124,Finland
3/1/2012,-3.106,Finland
4/1/2012,-0.045,Finland
5/1/2012,7.749,Finland
6/1/2012,11.741,Finland
7/1/2012,15.686,Finland
8/1/2012,13.286,Finland
9/1/2012,8.996,Finland
10/1/2012,2.716,Finland
11/1/2012,-0.774,Finland
12/1/2012,-11.744,Finland
1/1/2012,4.944,France (Europe)
2/1/2012,0.581,France (Europe)
3/1/2012,9.355,France (Europe)
4/1/2012,9.127,France (Europe)
5/1/2012,14.684,France (Europe)
6/1/2012,16.876,France (Europe)
7/1/2012,18.709,France (Europe)
8/1/2012,20.633,France (Europe)
9/1/2012,15.964,France (Europe)
10/1/2012,12.122,France (Europe)
11/1/2012,7.743,France (Europe)
12/1/2012,5.243,France (Europe)
1/1/2012,8.391,France
2/1/2012,4.773,France
3/1/2012,12.091,France
4/1/2012,11.867,France
5/1/2012,16.415,France
6/1/2012,18.199,France
7/1/2012,19.711,France
8/1/2012,21.327,France
9/1/2012,17.573,France
10/1/2012,14.465,France
11/1/2012,10.891,France
12/1/2012,8.783,France
1/1/2012,25.472,French Guiana
2/1/2012,25.164,French Guiana
3/1/2012,26.017,French Guiana
4/1/2012,26.049,French Guiana
5/1/2012,26.365,French Guiana
6/1/2012,26.448,French Guiana
7/1/2012,26.688,French Guiana
8/1/2012,27.157,French Guiana
9/1/2012,27.782,French Guiana
10/1/2012,27.91,French Guiana
11/1/2012,27.924,French Guiana
12/1/2012,26.9,French Guiana
1/1/2012,26.962,French Polynesia
2/1/2012,27.936,French Polynesia
3/1/2012,28.034,French Polynesia
4/1/2012,27.494,French Polynesia
5/1/2012,27.318,French Polynesia
6/1/2012,26.31,French Polynesia
7/1/2012,26.144,French Polynesia
8/1/2012,25.666,French Polynesia
9/1/2012,26.089,French Polynesia
10/1/2012,26.212,French Polynesia
11/1/2012,27.754,French Polynesia
12/1/2012,27.119,French Polynesia
1/1/2012,8.949,French Southern And Antarctic Lands
2/1/2012,8.319,French Southern And Antarctic Lands
3/1/2012,7.841,French Southern And Antarctic Lands
4/1/2012,6.99,French Southern And Antarctic Lands
5/1/2012,4.706,French Southern And Antarctic Lands
6/1/2012,3.597,French Southern And Antarctic Lands
7/1/2012,3.313,French Southern And Antarctic Lands
8/1/2012,3.719,French Southern And Antarctic Lands
9/1/2012,3.059,French Southern And Antarctic Lands
10/1/2012,3.429,French Southern And Antarctic Lands
11/1/2012,4.799,French Southern And Antarctic Lands
12/1/2012,7.658,French Southern And Antarctic Lands
1/1/2012,25.137,Gabon
2/1/2012,24.996,Gabon
3/1/2012,26.291,Gabon
4/1/2012,25.962,Gabon
5/1/2012,25.437,Gabon
6/1/2012,24.096,Gabon
7/1/2012,23.042,Gabon
8/1/2012,23.652,Gabon
9/1/2012,24.492,Gabon
10/1/2012,24.895,Gabon
11/1/2012,24.999,Gabon
12/1/2012,24.981,Gabon
1/1/2012,25.095,Gambia
2/1/2012,26.388,Gambia
3/1/2012,29.327,Gambia
4/1/2012,30.399,Gambia
5/1/2012,30.938,Gambia
6/1/2012,30.244,Gambia
7/1/2012,28.329,Gambia
8/1/2012,27.682,Gambia
9/1/2012,27.687,Gambia
10/1/2012,28.983,Gambia
11/1/2012,29.018,Gambia
12/1/2012,25.53,Gambia
1/1/2012,10.087,Gaza Strip
2/1/2012,11.248,Gaza Strip
3/1/2012,13.59,Gaza Strip
4/1/2012,19.847,Gaza Strip
5/1/2012,23.338,Gaza Strip
6/1/2012,27.245,Gaza Strip
7/1/2012,29.492,Gaza Strip
8/1/2012,28.793,Gaza Strip
9/1/2012,27.087,Gaza Strip
10/1/2012,23.924,Gaza Strip
11/1/2012,18.794,Gaza Strip
12/1/2012,13.516,Gaza Strip
1/1/2012,-1.754,Georgia
2/1/2012,-4.292,Georgia
3/1/2012,0.101,Georgia
4/1/2012,11.357,Georgia
5/1/2012,14.953,Georgia
6/1/2012,18.608,Georgia
7/1/2012,20.086,Georgia
8/1/2012,20.832,Georgia
9/1/2012,17.237,Georgia
10/1/2012,13.144,Georgia
11/1/2012,6.903,Georgia
12/1/2012,0.273,Georgia
1/1/2012,1.753,Germany
2/1/2012,-2.467,Germany
3/1/2012,7.115,Germany
4/1/2012,8.259,Germany
5/1/2012,14.474,Germany
6/1/2012,15.623,Germany
7/1/2012,17.834,Germany
8/1/2012,18.822,Germany
9/1/2012,14.03,Germany
10/1/2012,8.847,Germany
11/1/2012,5.22,Germany
12/1/2012,1.216,Germany
1/1/2012,27.256,Ghana
2/1/2012,28.585,Ghana
3/1/2012,29.999,Ghana
4/1/2012,29.004,Ghana
5/1/2012,27.786,Ghana
6/1/2012,26.891,Ghana
7/1/2012,25.629,Ghana
8/1/2012,25.249,Ghana
9/1/2012,25.879,Ghana
10/1/2012,26.624,Ghana
11/1/2012,27.795,Ghana
12/1/2012,26.657,Ghana
1/1/2012,3.982,Greece
2/1/2012,5.114,Greece
3/1/2012,10.188,Greece
4/1/2012,14.485,Greece
5/1/2012,18.484,Greece
6/1/2012,24.049,Greece
7/1/2012,27.565,Greece
8/1/2012,27.001,Greece
9/1/2012,22.632,Greece
10/1/2012,18.649,Greece
11/1/2012,13.49,Greece
12/1/2012,6.835,Greece
1/1/2012,-27.88,Greenland
2/1/2012,-29.103,Greenland
3/1/2012,-28.943,Greenland
4/1/2012,-20.614,Greenland
5/1/2012,-10.866,Greenland
6/1/2012,-3.243,Greenland
7/1/2012,0.305,Greenland
8/1/2012,-2.263,Greenland
9/1/2012,-9.098,Greenland
10/1/2012,-17.988,Greenland
11/1/2012,-24.594,Greenland
12/1/2012,-26.98,Greenland
1/1/2012,26.534,Grenada
2/1/2012,26.399,Grenada
3/1/2012,26.73,Grenada
4/1/2012,27.173,Grenada
5/1/2012,27.717,Grenada
6/1/2012,28.146,Grenada
7/1/2012,28.045,Grenada
8/1/2012,28.319,Grenada
9/1/2012,28.66,Grenada
10/1/2012,28.384,Grenada
11/1/2012,28.296,Grenada
12/1/2012,27.234,Grenada
1/1/2012,25.564,Guadeloupe
2/1/2012,25.543,Guadeloupe
3/1/2012,25.892,Guadeloupe
4/1/2012,26.498,Guadeloupe
5/1/2012,27.323,Guadeloupe
6/1/2012,28.763,Guadeloupe
7/1/2012,28.742,Guadeloupe
8/1/2012,28.693,Guadeloupe
9/1/2012,28.69,Guadeloupe
10/1/2012,28.101,Guadeloupe
11/1/2012,27.75,Guadeloupe
12/1/2012,26.26,Guadeloupe
1/1/2012,26.266,Guam
2/1/2012,26.599,Guam
3/1/2012,26.902,Guam
4/1/2012,27.5,Guam
5/1/2012,28.015,Guam
6/1/2012,27.997,Guam
7/1/2012,27.797,Guam
8/1/2012,27.146,Guam
9/1/2012,27.753,Guam
10/1/2012,27.289,Guam
11/1/2012,28.079,Guam
12/1/2012,27.356,Guam
1/1/2012,21.803,Guatemala
2/1/2012,22.957,Guatemala
3/1/2012,23.793,Guatemala
4/1/2012,24.924,Guatemala
5/1/2012,25.657,Guatemala
6/1/2012,25.17,Guatemala
7/1/2012,24.643,Guatemala
8/1/2012,24.662,Guatemala
9/1/2012,24.753,Guatemala
10/1/2012,23.381,Guatemala
11/1/2012,22.346,Guatemala
12/1/2012,22.089,Guatemala
1/1/2012,8.622,Guernsey
2/1/2012,5.726,Guernsey
3/1/2012,9.399,Guernsey
4/1/2012,8.696,Guernsey
5/1/2012,12.146,Guernsey
6/1/2012,13.557,Guernsey
7/1/2012,15.59,Guernsey
8/1/2012,18.03,Guernsey
9/1/2012,15.195,Guernsey
10/1/2012,13.192,Guernsey
11/1/2012,10.207,Guernsey
12/1/2012,9.372,Guernsey
1/1/2012,25.395,Guinea Bissau
2/1/2012,26.701,Guinea Bissau
3/1/2012,29.098,Guinea Bissau
4/1/2012,29.488,Guinea Bissau
5/1/2012,29.407,Guinea Bissau
6/1/2012,28.581,Guinea Bissau
7/1/2012,26.598,Guinea Bissau
8/1/2012,26.527,Guinea Bissau
9/1/2012,26.253,Guinea Bissau
10/1/2012,27.575,Guinea Bissau
11/1/2012,28.259,Guinea Bissau
12/1/2012,25.896,Guinea Bissau
1/1/2012,24.612,Guinea
2/1/2012,26.231,Guinea
3/1/2012,28.718,Guinea
4/1/2012,28.727,Guinea
5/1/2012,27.84,Guinea
6/1/2012,26.008,Guinea
7/1/2012,24.835,Guinea
8/1/2012,24.885,Guinea
9/1/2012,24.645,Guinea
10/1/2012,24.868,Guinea
11/1/2012,26.487,Guinea
12/1/2012,24.902,Guinea
1/1/2012,25.911,Guyana
2/1/2012,25.902,Guyana
3/1/2012,26.585,Guyana
4/1/2012,26.431,Guyana
5/1/2012,26.537,Guyana
6/1/2012,26.401,Guyana
7/1/2012,26.154,Guyana
8/1/2012,26.927,Guyana
9/1/2012,27.863,Guyana
10/1/2012,27.843,Guyana
11/1/2012,28.01,Guyana
12/1/2012,27.038,Guyana
1/1/2012,25.326,Haiti
2/1/2012,25.666,Haiti
3/1/2012,25.794,Haiti
4/1/2012,25.74,Haiti
5/1/2012,27.302,Haiti
6/1/2012,28.579,Haiti
7/1/2012,28.984,Haiti
8/1/2012,28.77,Haiti
9/1/2012,27.843,Haiti
10/1/2012,27.298,Haiti
11/1/2012,26.994,Haiti
12/1/2012,26.245,Haiti
1/1/2012,5.334,Heard Island And Mcdonald Islands
2/1/2012,5.158,Heard Island And Mcdonald Islands
3/1/2012,4.947,Heard Island And Mcdonald Islands
4/1/2012,4.602,Heard Island And Mcdonald Islands
5/1/2012,2.767,Heard Island And Mcdonald Islands
6/1/2012,2.376,Heard Island And Mcdonald Islands
7/1/2012,1.108,Heard Island And Mcdonald Islands
8/1/2012,1.356,Heard Island And Mcdonald Islands
9/1/2012,0.989,Heard Island And Mcdonald Islands
10/1/2012,1.346,Heard Island And Mcdonald Islands
11/1/2012,2.285,Heard Island And Mcdonald Islands
12/1/2012,4.417,Heard Island And Mcdonald Islands
1/1/2012,23.646,Honduras
2/1/2012,24.71,Honduras
3/1/2012,26.091,Honduras
4/1/2012,26.872,Honduras
5/1/2012,26.847,Honduras
6/1/2012,26.467,Honduras
7/1/2012,25.695,Honduras
8/1/2012,25.892,Honduras
9/1/2012,25.874,Honduras
10/1/2012,24.596,Honduras
11/1/2012,23.025,Honduras
12/1/2012,23.412,Honduras
1/1/2012,14.428,Hong Kong
2/1/2012,15.935,Hong Kong
3/1/2012,19.192,Hong Kong
4/1/2012,23.749,Hong Kong
5/1/2012,27.195,Hong Kong
6/1/2012,27.89,Hong Kong
7/1/2012,28.663,Hong Kong
8/1/2012,28.687,Hong Kong
9/1/2012,27.56,Hong Kong
10/1/2012,25.261,Hong Kong
11/1/2012,22.084,Hong Kong
12/1/2012,17.96,Hong Kong
1/1/2012,0.564,Hungary
2/1/2012,-4.117,Hungary
3/1/2012,7.626,Hungary
4/1/2012,11.937,Hungary
5/1/2012,16.872,Hungary
6/1/2012,21.086,Hungary
7/1/2012,23.47,Hungary
8/1/2012,22.685,Hungary
9/1/2012,18.013,Hungary
10/1/2012,10.992,Hungary
11/1/2012,7.228,Hungary
12/1/2012,-0.832,Hungary
1/1/2012,-1.693,Iceland
2/1/2012,0.004,Iceland
3/1/2012,0.543,Iceland
4/1/2012,0.128,Iceland
5/1/2012,3.277,Iceland
6/1/2012,6.546,Iceland
7/1/2012,9.435,Iceland
8/1/2012,9.323,Iceland
9/1/2012,4.798,Iceland
10/1/2012,1.196,Iceland
11/1/2012,-1.761,Iceland
12/1/2012,-2.235,Iceland
1/1/2012,16.778,India
2/1/2012,19.791,India
3/1/2012,24.354,India
4/1/2012,28.067,India
5/1/2012,30.805,India
6/1/2012,30.536,India
7/1/2012,27.699,India
8/1/2012,26.735,India
9/1/2012,26.551,India
10/1/2012,24.59,India
11/1/2012,21.162,India
12/1/2012,18.622,India
1/1/2012,26.145,Indonesia
2/1/2012,26.152,Indonesia
3/1/2012,26.285,Indonesia
4/1/2012,26.359,Indonesia
5/1/2012,26.64,Indonesia
6/1/2012,26.312,Indonesia
7/1/2012,25.802,Indonesia
8/1/2012,26.065,Indonesia
9/1/2012,26.433,Indonesia
10/1/2012,26.595,Indonesia
11/1/2012,26.651,Indonesia
12/1/2012,26.426,Indonesia
1/1/2012,6.128,Iran
2/1/2012,6.446,Iran
3/1/2012,11.906,Iran
4/1/2012,19.141,Iran
5/1/2012,25.398,Iran
6/1/2012,28.507,Iran
7/1/2012,31.14,Iran
8/1/2012,30.041,Iran
9/1/2012,26.007,Iran
10/1/2012,20.456,Iran
11/1/2012,14.051,Iran
12/1/2012,8.295,Iran
1/1/2012,9,Iraq
2/1/2012,10.718,Iraq
3/1/2012,14.23,Iraq
4/1/2012,23.793,Iraq
5/1/2012,29.74,Iraq
6/1/2012,34.639,Iraq
7/1/2012,36.398,Iraq
8/1/2012,35.669,Iraq
9/1/2012,31.749,Iraq
10/1/2012,25.55,Iraq
11/1/2012,17.814,Iraq
12/1/2012,11.847,Iraq
1/1/2012,6.987,Ireland
2/1/2012,7.435,Ireland
3/1/2012,9.067,Ireland
4/1/2012,7.628,Ireland
5/1/2012,11.415,Ireland
6/1/2012,12.971,Ireland
7/1/2012,14.338,Ireland
8/1/2012,15.743,Ireland
9/1/2012,12.749,Ireland
10/1/2012,9.242,Ireland
11/1/2012,6.827,Ireland
12/1/2012,6.028,Ireland
1/1/2012,7.229,Isle Of Man
2/1/2012,5.954,Isle Of Man
3/1/2012,8.594,Isle Of Man
4/1/2012,6.796,Isle Of Man
5/1/2012,10.268,Isle Of Man
6/1/2012,11.314,Isle Of Man
7/1/2012,13.423,Isle Of Man
8/1/2012,15.538,Isle Of Man
9/1/2012,13.076,Isle Of Man
10/1/2012,10.302,Isle Of Man
11/1/2012,8.96,Isle Of Man
12/1/2012,7.465,Isle Of Man
1/1/2012,10.767,Israel
2/1/2012,12.046,Israel
3/1/2012,14.268,Israel
4/1/2012,20.282,Israel
5/1/2012,23.85,Israel
6/1/2012,27.362,Israel
7/1/2012,29.583,Israel
8/1/2012,28.955,Israel
9/1/2012,27.232,Israel
10/1/2012,24.231,Israel
11/1/2012,19.342,Israel
12/1/2012,14.155,Israel
1/1/2012,4.871,Italy
2/1/2012,3.019,Italy
3/1/2012,10.726,Italy
4/1/2012,11.871,Italy
5/1/2012,16.126,Italy
6/1/2012,21.414,Italy
7/1/2012,24.049,Italy
8/1/2012,24.623,Italy
9/1/2012,19.641,Italy
10/1/2012,15.344,Italy
11/1/2012,11.524,Italy
12/1/2012,5.74,Italy
1/1/2012,25.281,Jamaica
2/1/2012,25.671,Jamaica
3/1/2012,26.023,Jamaica
4/1/2012,26.267,Jamaica
5/1/2012,27.333,Jamaica
6/1/2012,28.145,Jamaica
7/1/2012,28.358,Jamaica
8/1/2012,28.211,Jamaica
9/1/2012,27.904,Jamaica
10/1/2012,27.091,Jamaica
11/1/2012,26.336,Jamaica
12/1/2012,26.001,Jamaica
1/1/2012,0.628,Japan
2/1/2012,0.704,Japan
3/1/2012,4.944,Japan
4/1/2012,10.693,Japan
5/1/2012,15.587,Japan
6/1/2012,18.707,Japan
7/1/2012,23.651,Japan
8/1/2012,25.703,Japan
9/1/2012,22.933,Japan
10/1/2012,15.698,Japan
11/1/2012,8.983,Japan
12/1/2012,2.557,Japan
1/1/2012,8.622,Jersey
2/1/2012,5.726,Jersey
3/1/2012,9.399,Jersey
4/1/2012,8.696,Jersey
5/1/2012,12.146,Jersey
6/1/2012,13.557,Jersey
7/1/2012,15.59,Jersey
8/1/2012,18.03,Jersey
9/1/2012,15.195,Jersey
10/1/2012,13.192,Jersey
11/1/2012,10.207,Jersey
12/1/2012,9.372,Jersey
1/1/2012,8.667,Jordan
2/1/2012,10.63,Jordan
3/1/2012,13.453,Jordan
4/1/2012,21.134,Jordan
5/1/2012,25.066,Jordan
6/1/2012,29.182,Jordan
7/1/2012,30.971,Jordan
8/1/2012,29.866,Jordan
9/1/2012,27.795,Jordan
10/1/2012,23.628,Jordan
11/1/2012,17.467,Jordan
12/1/2012,11.984,Jordan
1/1/2012,-15.387,Kazakhstan
2/1/2012,-17.305,Kazakhstan
3/1/2012,-3.474,Kazakhstan
4/1/2012,13.799,Kazakhstan
5/1/2012,17.964,Kazakhstan
6/1/2012,23.275,Kazakhstan
7/1/2012,25.004,Kazakhstan
8/1/2012,23.291,Kazakhstan
9/1/2012,15.342,Kazakhstan
10/1/2012,7.912,Kazakhstan
11/1/2012,-2.413,Kazakhstan
12/1/2012,-15.103,Kazakhstan
1/1/2012,25.372,Kenya
2/1/2012,26.082,Kenya
3/1/2012,26.598,Kenya
4/1/2012,25.478,Kenya
5/1/2012,24.745,Kenya
6/1/2012,24.037,Kenya
7/1/2012,23.456,Kenya
8/1/2012,23.908,Kenya
9/1/2012,24.576,Kenya
10/1/2012,24.895,Kenya
11/1/2012,25.192,Kenya
12/1/2012,24.766,Kenya
1/1/2012,26.961,Kingman Reef
2/1/2012,27.158,Kingman Reef
3/1/2012,27.289,Kingman Reef
4/1/2012,27.698,Kingman Reef
5/1/2012,27.857,Kingman Reef
6/1/2012,27.845,Kingman Reef
7/1/2012,27.78,Kingman Reef
8/1/2012,28.191,Kingman Reef
9/1/2012,27.974,Kingman Reef
10/1/2012,28.015,Kingman Reef
11/1/2012,27.983,Kingman Reef
12/1/2012,27.402,Kingman Reef
1/1/2012,26.302,Kiribati
2/1/2012,26.605,Kiribati
3/1/2012,26.903,Kiribati
4/1/2012,27.362,Kiribati
5/1/2012,27.898,Kiribati
6/1/2012,27.843,Kiribati
7/1/2012,27.688,Kiribati
8/1/2012,27.83,Kiribati
9/1/2012,27.661,Kiribati
10/1/2012,27.759,Kiribati
11/1/2012,27.538,Kiribati
12/1/2012,26.673,Kiribati
1/1/2012,13,Kuwait
2/1/2012,14.724,Kuwait
3/1/2012,18.321,Kuwait
4/1/2012,26.141,Kuwait
5/1/2012,33.489,Kuwait
6/1/2012,36.956,Kuwait
7/1/2012,38.842,Kuwait
8/1/2012,38.02,Kuwait
9/1/2012,33.848,Kuwait
10/1/2012,29.082,Kuwait
11/1/2012,21.5,Kuwait
12/1/2012,16.184,Kuwait
1/1/2012,-14.15,Kyrgyzstan
2/1/2012,-12.174,Kyrgyzstan
3/1/2012,-3.147,Kyrgyzstan
4/1/2012,8.761,Kyrgyzstan
5/1/2012,11.534,Kyrgyzstan
6/1/2012,15.458,Kyrgyzstan
7/1/2012,17.323,Kyrgyzstan
8/1/2012,17.532,Kyrgyzstan
9/1/2012,11.941,Kyrgyzstan
10/1/2012,5.045,Kyrgyzstan
11/1/2012,-3.523,Kyrgyzstan
12/1/2012,-11.677,Kyrgyzstan
1/1/2012,19.643,Laos
2/1/2012,21.904,Laos
3/1/2012,24.011,Laos
4/1/2012,26.577,Laos
5/1/2012,27.308,Laos
6/1/2012,27.5,Laos
7/1/2012,26.972,Laos
8/1/2012,26.824,Laos
9/1/2012,26.279,Laos
10/1/2012,25.302,Laos
11/1/2012,24.652,Laos
12/1/2012,21.92,Laos
1/1/2012,-4.317,Latvia
2/1/2012,-9.349,Latvia
3/1/2012,0.866,Latvia
4/1/2012,6.323,Latvia
5/1/2012,12.628,Latvia
6/1/2012,14.66,Latvia
7/1/2012,18.943,Latvia
8/1/2012,16.4,Latvia
9/1/2012,13.195,Latvia
10/1/2012,6.44,Latvia
11/1/2012,2.989,Latvia
12/1/2012,-6.258,Latvia
1/1/2012,8.676,Lebanon
2/1/2012,9.227,Lebanon
3/1/2012,11.598,Lebanon
4/1/2012,18.179,Lebanon
5/1/2012,21.524,Lebanon
6/1/2012,25.857,Lebanon
7/1/2012,28.218,Lebanon
8/1/2012,27.564,Lebanon
9/1/2012,25.863,Lebanon
10/1/2012,22.255,Lebanon
11/1/2012,17.056,Lebanon
12/1/2012,11.852,Lebanon
1/1/2012,20.445,Lesotho
2/1/2012,19.883,Lesotho
3/1/2012,17.764,Lesotho
4/1/2012,12.62,Lesotho
5/1/2012,11.43,Lesotho
6/1/2012,7.46,Lesotho
7/1/2012,7.314,Lesotho
8/1/2012,10.684,Lesotho
9/1/2012,12.472,Lesotho
10/1/2012,15.856,Lesotho
11/1/2012,17.997,Lesotho
12/1/2012,18.713,Lesotho
1/1/2012,25.79,Liberia
2/1/2012,26.357,Liberia
3/1/2012,27.456,Liberia
4/1/2012,26.952,Liberia
5/1/2012,26.459,Liberia
6/1/2012,25.463,Liberia
7/1/2012,24.778,Liberia
8/1/2012,24.945,Liberia
9/1/2012,25.253,Liberia
10/1/2012,25.456,Liberia
11/1/2012,26.713,Liberia
12/1/2012,26.325,Liberia
1/1/2012,12.028,Libya
2/1/2012,14.064,Libya
3/1/2012,17.412,Libya
4/1/2012,25.268,Libya
5/1/2012,28.385,Libya
6/1/2012,30.59,Libya
7/1/2012,31.051,Libya
8/1/2012,30.556,Libya
9/1/2012,28.936,Libya
10/1/2012,26.033,Libya
11/1/2012,20.609,Libya
12/1/2012,14.316,Libya
1/1/2012,-3.04,Liechtenstein
2/1/2012,-7.55,Liechtenstein
3/1/2012,3.746,Liechtenstein
4/1/2012,5.25,Liechtenstein
5/1/2012,10.76,Liechtenstein
6/1/2012,13.819,Liechtenstein
7/1/2012,14.918,Liechtenstein
8/1/2012,15.96,Liechtenstein
9/1/2012,10.977,Liechtenstein
10/1/2012,6.079,Liechtenstein
11/1/2012,2.42,Liechtenstein
12/1/2012,-2.826,Liechtenstein
1/1/2012,-3.435,Lithuania
2/1/2012,-8.993,Lithuania
3/1/2012,1.779,Lithuania
4/1/2012,7.305,Lithuania
5/1/2012,13.317,Lithuania
6/1/2012,14.845,Lithuania
7/1/2012,19.224,Lithuania
8/1/2012,16.842,Lithuania
9/1/2012,13.601,Lithuania
10/1/2012,7.069,Lithuania
11/1/2012,4.142,Lithuania
12/1/2012,-5.013,Lithuania
1/1/2012,3.678,Luxembourg
2/1/2012,-0.899,Luxembourg
3/1/2012,8.467,Luxembourg
4/1/2012,8.331,Luxembourg
5/1/2012,14.622,Luxembourg
6/1/2012,15.486,Luxembourg
7/1/2012,17.773,Luxembourg
8/1/2012,19.398,Luxembourg
9/1/2012,14.302,Luxembourg
10/1/2012,10.111,Luxembourg
11/1/2012,6.236,Luxembourg
12/1/2012,3.806,Luxembourg
1/1/2012,13.568,Macau
2/1/2012,15.242,Macau
3/1/2012,18.728,Macau
4/1/2012,23.638,Macau
5/1/2012,27.381,Macau
6/1/2012,27.994,Macau
7/1/2012,28.662,Macau
8/1/2012,28.759,Macau
9/1/2012,27.465,Macau
10/1/2012,25.093,Macau
11/1/2012,21.726,Macau
12/1/2012,17.49,Macau
1/1/2012,-2.412,Macedonia
2/1/2012,-2.267,Macedonia
3/1/2012,6.696,Macedonia
4/1/2012,11.056,Macedonia
5/1/2012,15.067,Macedonia
6/1/2012,21.281,Macedonia
7/1/2012,24.507,Macedonia
8/1/2012,23.688,Macedonia
9/1/2012,19.061,Macedonia
10/1/2012,13.721,Macedonia
11/1/2012,8.146,Macedonia
12/1/2012,-0.089,Macedonia
1/1/2012,24.865,Madagascar
2/1/2012,25.573,Madagascar
3/1/2012,24.959,Madagascar
4/1/2012,23.913,Madagascar
5/1/2012,22.203,Madagascar
6/1/2012,20.533,Madagascar
7/1/2012,19.51,Madagascar
8/1/2012,20.822,Madagascar
9/1/2012,22.47,Madagascar
10/1/2012,24.072,Madagascar
11/1/2012,25.342,Madagascar
12/1/2012,25.642,Madagascar
1/1/2012,22.901,Malawi
2/1/2012,23.494,Malawi
3/1/2012,23.083,Malawi
4/1/2012,21.125,Malawi
5/1/2012,20.574,Malawi
6/1/2012,18.559,Malawi
7/1/2012,18.068,Malawi
8/1/2012,19.575,Malawi
9/1/2012,22.57,Malawi
10/1/2012,23.531,Malawi
11/1/2012,24.901,Malawi
12/1/2012,24.268,Malawi
1/1/2012,26.005,Malaysia
2/1/2012,26.368,Malaysia
3/1/2012,26.521,Malaysia
4/1/2012,26.726,Malaysia
5/1/2012,27.227,Malaysia
6/1/2012,27.27,Malaysia
7/1/2012,26.515,Malaysia
8/1/2012,26.889,Malaysia
9/1/2012,26.752,Malaysia
10/1/2012,26.416,Malaysia
11/1/2012,26.47,Malaysia
12/1/2012,26.314,Malaysia
1/1/2012,20.445,Mali
2/1/2012,23.358,Mali
3/1/2012,27.515,Mali
4/1/2012,31.627,Mali
5/1/2012,34.89,Mali
6/1/2012,33.756,Mali
7/1/2012,31.416,Mali
8/1/2012,30.129,Mali
9/1/2012,29.46,Mali
10/1/2012,29.997,Mali
11/1/2012,28.077,Mali
12/1/2012,22.552,Mali
1/1/2012,12.702,Malta
2/1/2012,10.987,Malta
3/1/2012,13.956,Malta
4/1/2012,16.568,Malta
5/1/2012,19.685,Malta
6/1/2012,24.708,Malta
7/1/2012,27.719,Malta
8/1/2012,28.514,Malta
9/1/2012,25.564,Malta
10/1/2012,23.163,Malta
11/1/2012,19.759,Malta
12/1/2012,14.625,Malta
1/1/2012,25.56,Martinique
2/1/2012,25.365,Martinique
3/1/2012,25.765,Martinique
4/1/2012,26.389,Martinique
5/1/2012,27.248,Martinique
6/1/2012,28.638,Martinique
7/1/2012,28.374,Martinique
8/1/2012,28.179,Martinique
9/1/2012,28.27,Martinique
10/1/2012,27.835,Martinique
11/1/2012,27.567,Martinique
12/1/2012,26.158,Martinique
1/1/2012,19.517,Mauritania
2/1/2012,20.501,Mauritania
3/1/2012,25.762,Mauritania
4/1/2012,28.302,Mauritania
5/1/2012,33.639,Mauritania
6/1/2012,34.143,Mauritania
7/1/2012,33.278,Mauritania
8/1/2012,32.129,Mauritania
9/1/2012,31.545,Mauritania
10/1/2012,30.271,Mauritania
11/1/2012,26.844,Mauritania
12/1/2012,20.391,Mauritania
1/1/2012,26.432,Mauritius
2/1/2012,27.198,Mauritius
3/1/2012,26.244,Mauritius
4/1/2012,25.705,Mauritius
5/1/2012,23.921,Mauritius
6/1/2012,22.474,Mauritius
7/1/2012,22.033,Mauritius
8/1/2012,22.046,Mauritius
9/1/2012,22.079,Mauritius
10/1/2012,23.042,Mauritius
11/1/2012,24.875,Mauritius
12/1/2012,26.439,Mauritius
1/1/2012,27.253,Mayotte
2/1/2012,27.553,Mayotte
3/1/2012,27.638,Mayotte
4/1/2012,27.92,Mayotte
5/1/2012,27.426,Mayotte
6/1/2012,26.309,Mayotte
7/1/2012,25.533,Mayotte
8/1/2012,25.612,Mayotte
9/1/2012,26.186,Mayotte
10/1/2012,26.678,Mayotte
11/1/2012,27.657,Mayotte
12/1/2012,27.875,Mayotte
1/1/2012,16.185,Mexico
2/1/2012,16.951,Mexico
3/1/2012,19.947,Mexico
4/1/2012,22.474,Mexico
5/1/2012,24.957,Mexico
6/1/2012,26.097,Mexico
7/1/2012,25.298,Mexico
8/1/2012,25.681,Mexico
9/1/2012,24.224,Mexico
10/1/2012,22.289,Mexico
11/1/2012,19.107,Mexico
12/1/2012,16.619,Mexico
1/1/2012,-3.031,Moldova
2/1/2012,-8.23,Moldova
3/1/2012,3.85,Moldova
4/1/2012,12.285,Moldova
5/1/2012,18.411,Moldova
6/1/2012,22.294,Moldova
7/1/2012,25.231,Moldova
8/1/2012,22.626,Moldova
9/1/2012,18.386,Moldova
10/1/2012,12.354,Moldova
11/1/2012,6.005,Moldova
12/1/2012,-3.13,Moldova
1/1/2012,1.918,Monaco
2/1/2012,-0.866,Monaco
3/1/2012,7.97,Monaco
4/1/2012,8.546,Monaco
5/1/2012,13.191,Monaco
6/1/2012,17.19,Monaco
7/1/2012,19.774,Monaco
8/1/2012,20.91,Monaco
9/1/2012,15.451,Monaco
10/1/2012,10.758,Monaco
11/1/2012,6.289,Monaco
12/1/2012,1.853,Monaco
1/1/2012,-24.365,Mongolia
2/1/2012,-19.689,Mongolia
3/1/2012,-8.561,Mongolia
4/1/2012,3.832,Mongolia
5/1/2012,11.456,Mongolia
6/1/2012,16.807,Mongolia
7/1/2012,18.733,Mongolia
8/1/2012,16.495,Mongolia
9/1/2012,10.548,Mongolia
10/1/2012,0.466,Mongolia
11/1/2012,-11.417,Mongolia
12/1/2012,-21.46,Mongolia
1/1/2012,-0.78,Montenegro
2/1/2012,-2.518,Montenegro
3/1/2012,7.371,Montenegro
4/1/2012,10.323,Montenegro
5/1/2012,14.822,Montenegro
6/1/2012,21.182,Montenegro
7/1/2012,24.234,Montenegro
8/1/2012,23.44,Montenegro
9/1/2012,18.692,Montenegro
10/1/2012,12.868,Montenegro
11/1/2012,8.48,Montenegro
12/1/2012,0.268,Montenegro
1/1/2012,25.557,Montserrat
2/1/2012,25.583,Montserrat
3/1/2012,25.929,Montserrat
4/1/2012,26.528,Montserrat
5/1/2012,27.334,Montserrat
6/1/2012,28.785,Montserrat
7/1/2012,28.842,Montserrat
8/1/2012,28.818,Montserrat
9/1/2012,28.797,Montserrat
10/1/2012,28.168,Montserrat
11/1/2012,27.803,Montserrat
12/1/2012,26.278,Montserrat
1/1/2012,9.462,Morocco
2/1/2012,9.324,Morocco
3/1/2012,14.943,Morocco
4/1/2012,15.681,Morocco
5/1/2012,22.461,Morocco
6/1/2012,25.535,Morocco
7/1/2012,28.392,Morocco
8/1/2012,28.125,Morocco
9/1/2012,24.072,Morocco
10/1/2012,19.978,Morocco
11/1/2012,15.136,Morocco
12/1/2012,10.916,Morocco
1/1/2012,25.685,Mozambique
2/1/2012,26.371,Mozambique
3/1/2012,25.72,Mozambique
4/1/2012,23.287,Mozambique
5/1/2012,22.559,Mozambique
6/1/2012,20.695,Mozambique
7/1/2012,19.984,Mozambique
8/1/2012,21.456,Mozambique
9/1/2012,24.164,Mozambique
10/1/2012,25.16,Mozambique
11/1/2012,26.411,Mozambique
12/1/2012,26.623,Mozambique
1/1/2012,24.222,Namibia
2/1/2012,22.96,Namibia
3/1/2012,23.352,Namibia
4/1/2012,20.599,Namibia
5/1/2012,17.728,Namibia
6/1/2012,14.933,Namibia
7/1/2012,14.798,Namibia
8/1/2012,17.847,Namibia
9/1/2012,19.859,Namibia
10/1/2012,22.795,Namibia
11/1/2012,25.18,Namibia
12/1/2012,25.267,Namibia
1/1/2012,5.208,Nepal
2/1/2012,8.964,Nepal
3/1/2012,13.124,Nepal
4/1/2012,17.26,Nepal
5/1/2012,21.106,Nepal
6/1/2012,23.44,Nepal
7/1/2012,20.975,Nepal
8/1/2012,21.051,Nepal
9/1/2012,19.966,Nepal
10/1/2012,15.5,Nepal
11/1/2012,10.748,Nepal
12/1/2012,7.696,Nepal
1/1/2012,4.388,Netherlands (Europe)
2/1/2012,0.399,Netherlands (Europe)
3/1/2012,7.762,Netherlands (Europe)
4/1/2012,7.952,Netherlands (Europe)
5/1/2012,13.882,Netherlands (Europe)
6/1/2012,14.508,Netherlands (Europe)
7/1/2012,17.19,Netherlands (Europe)
8/1/2012,18.618,Netherlands (Europe)
9/1/2012,14.39,Netherlands (Europe)
10/1/2012,10.446,Netherlands (Europe)
11/1/2012,6.715,Netherlands (Europe)
12/1/2012,4.313,Netherlands (Europe)
1/1/2012,4.859,Netherlands
2/1/2012,0.969,Netherlands
3/1/2012,8.172,Netherlands
4/1/2012,8.373,Netherlands
5/1/2012,14.2,Netherlands
6/1/2012,14.827,Netherlands
7/1/2012,17.456,Netherlands
8/1/2012,18.848,Netherlands
9/1/2012,14.721,Netherlands
10/1/2012,10.843,Netherlands
11/1/2012,7.182,Netherlands
12/1/2012,4.808,Netherlands
1/1/2012,25.63,New Caledonia
2/1/2012,26.341,New Caledonia
3/1/2012,25.95,New Caledonia
4/1/2012,24.428,New Caledonia
5/1/2012,22.681,New Caledonia
6/1/2012,21.999,New Caledonia
7/1/2012,21.007,New Caledonia
8/1/2012,20.167,New Caledonia
9/1/2012,20.713,New Caledonia
10/1/2012,21.995,New Caledonia
11/1/2012,22.87,New Caledonia
12/1/2012,24.78,New Caledonia
1/1/2012,14.968,New Zealand
2/1/2012,15.077,New Zealand
3/1/2012,13.199,New Zealand
4/1/2012,11.7,New Zealand
5/1/2012,8.39,New Zealand
6/1/2012,5.838,New Zealand
7/1/2012,6.03,New Zealand
8/1/2012,7.462,New Zealand
9/1/2012,8.987,New Zealand
10/1/2012,9.913,New Zealand
11/1/2012,11.271,New Zealand
12/1/2012,15.048,New Zealand
1/1/2012,25.204,Nicaragua
2/1/2012,26.114,Nicaragua
3/1/2012,27.221,Nicaragua
4/1/2012,27.813,Nicaragua
5/1/2012,27.8,Nicaragua
6/1/2012,27.375,Nicaragua
7/1/2012,26.761,Nicaragua
8/1/2012,26.993,Nicaragua
9/1/2012,26.776,Nicaragua
10/1/2012,25.763,Nicaragua
11/1/2012,25.063,Nicaragua
12/1/2012,25.5,Nicaragua
1/1/2012,19.316,Niger
2/1/2012,24.246,Niger
3/1/2012,25.685,Niger
4/1/2012,32.734,Niger
5/1/2012,34.339,Niger
6/1/2012,32.838,Niger
7/1/2012,30.864,Niger
8/1/2012,30.102,Niger
9/1/2012,30.448,Niger
10/1/2012,28.395,Niger
11/1/2012,26.451,Niger
12/1/2012,21.455,Niger
1/1/2012,25.331,Nigeria
2/1/2012,28.678,Nigeria
3/1/2012,29.943,Nigeria
4/1/2012,31.13,Nigeria
5/1/2012,29.173,Nigeria
6/1/2012,27.527,Nigeria
7/1/2012,26.006,Nigeria
8/1/2012,25.637,Nigeria
9/1/2012,26.013,Nigeria
10/1/2012,26.285,Nigeria
11/1/2012,27.406,Nigeria
12/1/2012,25.766,Nigeria
1/1/2012,26.767,Niue
2/1/2012,26.869,Niue
3/1/2012,27.48,Niue
4/1/2012,26.37,Niue
5/1/2012,25.75,Niue
6/1/2012,24.517,Niue
7/1/2012,24.118,Niue
8/1/2012,24.253,Niue
9/1/2012,24.927,Niue
10/1/2012,25.593,Niue
11/1/2012,26.483,Niue
12/1/2012,26.54,Niue
1/1/2012,-9.606,North America
2/1/2012,-6.898,North America
3/1/2012,-3.316,North America
4/1/2012,2.668,North America
5/1/2012,9.588,North America
6/1/2012,14.963,North America
7/1/2012,17.944,North America
8/1/2012,16.425,North America
9/1/2012,11.87,North America
10/1/2012,4.065,North America
11/1/2012,-3.477,North America
12/1/2012,-8.557,North America
1/1/2012,-9.709,North Korea
2/1/2012,-7.607,North Korea
3/1/2012,-0.022,North Korea
4/1/2012,7.896,North Korea
5/1/2012,14.639,North Korea
6/1/2012,17.963,North Korea
7/1/2012,21.746,North Korea
8/1/2012,22.473,North Korea
9/1/2012,16.971,North Korea
10/1/2012,9.996,North Korea
11/1/2012,0.968,North Korea
12/1/2012,-9.947,North Korea
1/1/2012,26.266,Northern Mariana Islands
2/1/2012,26.599,Northern Mariana Islands
3/1/2012,26.902,Northern Mariana Islands
4/1/2012,27.5,Northern Mariana Islands
5/1/2012,28.015,Northern Mariana Islands
6/1/2012,27.997,Northern Mariana Islands
7/1/2012,27.797,Northern Mariana Islands
8/1/2012,27.146,Northern Mariana Islands
9/1/2012,27.753,Northern Mariana Islands
10/1/2012,27.289,Northern Mariana Islands
11/1/2012,28.079,Northern Mariana Islands
12/1/2012,27.356,Northern Mariana Islands
1/1/2012,-6.08,Norway
2/1/2012,-6.045,Norway
3/1/2012,-1.037,Norway
4/1/2012,-1.854,Norway
5/1/2012,4.234,Norway
6/1/2012,7.589,Norway
7/1/2012,10.632,Norway
8/1/2012,10.177,Norway
9/1/2012,6.107,Norway
10/1/2012,0.563,Norway
11/1/2012,-1.78,Norway
12/1/2012,-8.806,Norway
1/1/2012,27.34,Oceania
2/1/2012,26.724,Oceania
3/1/2012,24.38,Oceania
4/1/2012,22.062,Oceania
5/1/2012,17.916,Oceania
6/1/2012,14.996,Oceania
7/1/2012,14.42,Oceania
8/1/2012,16.619,Oceania
9/1/2012,20.385,Oceania
10/1/2012,23.25,Oceania
11/1/2012,26.342,Oceania
12/1/2012,27.837,Oceania
1/1/2012,20.315,Oman
2/1/2012,21.586,Oman
3/1/2012,24.993,Oman
4/1/2012,28.988,Oman
5/1/2012,33.056,Oman
6/1/2012,34.682,Oman
7/1/2012,33.372,Oman
8/1/2012,32.842,Oman
9/1/2012,31.969,Oman
10/1/2012,29.005,Oman
11/1/2012,25.343,Oman
12/1/2012,22.388,Oman
1/1/2012,8.554,Pakistan
2/1/2012,10.312,Pakistan
3/1/2012,17.619,Pakistan
4/1/2012,23.138,Pakistan
5/1/2012,28.015,Pakistan
6/1/2012,30.249,Pakistan
7/1/2012,30.722,Pakistan
8/1/2012,29.087,Pakistan
9/1/2012,26.238,Pakistan
10/1/2012,21.992,Pakistan
11/1/2012,16.909,Pakistan
12/1/2012,11.541,Pakistan
1/1/2012,27.587,Palau
2/1/2012,27.4,Palau
3/1/2012,27.752,Palau
4/1/2012,27.903,Palau
5/1/2012,28.085,Palau
6/1/2012,27.69,Palau
7/1/2012,27.477,Palau
8/1/2012,27.519,Palau
9/1/2012,27.605,Palau
10/1/2012,27.724,Palau
11/1/2012,28.135,Palau
12/1/2012,27.778,Palau
1/1/2012,20.927,Palestina
2/1/2012,21.509,Palestina
3/1/2012,22.632,Palestina
4/1/2012,24.042,Palestina
5/1/2012,24.814,Palestina
6/1/2012,25.824,Palestina
7/1/2012,26.261,Palestina
8/1/2012,25.811,Palestina
9/1/2012,25.257,Palestina
10/1/2012,24.698,Palestina
11/1/2012,23.034,Palestina
12/1/2012,21.994,Palestina
1/1/2012,26.975,Palmyra Atoll
2/1/2012,27.186,Palmyra Atoll
3/1/2012,27.309,Palmyra Atoll
4/1/2012,27.753,Palmyra Atoll
5/1/2012,27.905,Palmyra Atoll
6/1/2012,27.905,Palmyra Atoll
7/1/2012,27.84,Palmyra Atoll
8/1/2012,28.247,Palmyra Atoll
9/1/2012,28.036,Palmyra Atoll
10/1/2012,28.054,Palmyra Atoll
11/1/2012,28.005,Palmyra Atoll
12/1/2012,27.414,Palmyra Atoll
1/1/2012,26.679,Panama
2/1/2012,27.249,Panama
3/1/2012,27.904,Panama
4/1/2012,27.396,Panama
5/1/2012,27.621,Panama
6/1/2012,27.644,Panama
7/1/2012,27.349,Panama
8/1/2012,27.452,Panama
9/1/2012,27.069,Panama
10/1/2012,25.752,Panama
11/1/2012,26.304,Panama
12/1/2012,26.571,Panama
1/1/2012,25.096,Papua New Guinea
2/1/2012,25.368,Papua New Guinea
3/1/2012,25.133,Papua New Guinea
4/1/2012,24.83,Papua New Guinea
5/1/2012,24.696,Papua New Guinea
6/1/2012,23.972,Papua New Guinea
7/1/2012,24.133,Papua New Guinea
8/1/2012,24.138,Papua New Guinea
9/1/2012,24.723,Papua New Guinea
10/1/2012,25.058,Papua New Guinea
11/1/2012,25.241,Papua New Guinea
12/1/2012,25.735,Papua New Guinea
1/1/2012,28.314,Paraguay
2/1/2012,28.153,Paraguay
3/1/2012,26.146,Paraguay
4/1/2012,23.496,Paraguay
5/1/2012,21.328,Paraguay
6/1/2012,18.831,Paraguay
7/1/2012,17.144,Paraguay
8/1/2012,22.281,Paraguay
9/1/2012,24.907,Paraguay
10/1/2012,27.084,Paraguay
11/1/2012,27.22,Paraguay
12/1/2012,28.685,Paraguay
1/1/2012,20.607,Peru
2/1/2012,20.234,Peru
3/1/2012,20.707,Peru
4/1/2012,20.63,Peru
5/1/2012,20.375,Peru
6/1/2012,19.959,Peru
7/1/2012,19.655,Peru
8/1/2012,20.131,Peru
9/1/2012,20.621,Peru
10/1/2012,20.739,Peru
11/1/2012,21.247,Peru
12/1/2012,20.615,Peru
1/1/2012,25.954,Philippines
2/1/2012,26.237,Philippines
3/1/2012,27.015,Philippines
4/1/2012,27.819,Philippines
5/1/2012,28.156,Philippines
6/1/2012,27.831,Philippines
7/1/2012,27.231,Philippines
8/1/2012,27.586,Philippines
9/1/2012,27.328,Philippines
10/1/2012,26.862,Philippines
11/1/2012,27.144,Philippines
12/1/2012,26.624,Philippines
1/1/2012,-1.406,Poland
2/1/2012,-6.137,Poland
3/1/2012,4.845,Poland
4/1/2012,9.119,Poland
5/1/2012,14.982,Poland
6/1/2012,16.468,Poland
7/1/2012,20.113,Poland
8/1/2012,18.87,Poland
9/1/2012,14.813,Poland
10/1/2012,8.361,Poland
11/1/2012,5.309,Poland
12/1/2012,-2.884,Poland
1/1/2012,8.423,Portugal
2/1/2012,8.079,Portugal
3/1/2012,13.24,Portugal
4/1/2012,11.939,Portugal
5/1/2012,18.022,Portugal
6/1/2012,20.446,Portugal
7/1/2012,22.226,Portugal
8/1/2012,22.819,Portugal
9/1/2012,21.033,Portugal
10/1/2012,16.404,Portugal
11/1/2012,12.023,Portugal
12/1/2012,10.052,Portugal
1/1/2012,24.389,Puerto Rico
2/1/2012,24.381,Puerto Rico
3/1/2012,24.492,Puerto Rico
4/1/2012,25.332,Puerto Rico
5/1/2012,26.489,Puerto Rico
6/1/2012,28.143,Puerto Rico
7/1/2012,27.939,Puerto Rico
8/1/2012,27.9,Puerto Rico
9/1/2012,28.067,Puerto Rico
10/1/2012,27.738,Puerto Rico
11/1/2012,27.225,Puerto Rico
12/1/2012,25.54,Puerto Rico
1/1/2012,17.794,Qatar
2/1/2012,18.734,Qatar
3/1/2012,21.44,Qatar
4/1/2012,27.423,Qatar
5/1/2012,34.137,Qatar
6/1/2012,36.163,Qatar
7/1/2012,37.603,Qatar
8/1/2012,37.017,Qatar
9/1/2012,34.424,Qatar
10/1/2012,30.878,Qatar
11/1/2012,25.407,Qatar
12/1/2012,20.794,Qatar
1/1/2012,25.842,Reunion
2/1/2012,26.985,Reunion
3/1/2012,25.926,Reunion
4/1/2012,25.586,Reunion
5/1/2012,24.096,Reunion
6/1/2012,23.09,Reunion
7/1/2012,22.407,Reunion
8/1/2012,22.233,Reunion
9/1/2012,21.878,Reunion
10/1/2012,22.522,Reunion
11/1/2012,24.008,Reunion
12/1/2012,25.563,Reunion
1/1/2012,-2.22,Romania
2/1/2012,-6.96,Romania
3/1/2012,4.687,Romania
4/1/2012,11.593,Romania
5/1/2012,16.039,Romania
6/1/2012,20.872,Romania
7/1/2012,24.02,Romania
8/1/2012,21.887,Romania
9/1/2012,17.882,Romania
10/1/2012,11.705,Romania
11/1/2012,6.252,Romania
12/1/2012,-2.144,Romania
1/1/2012,-24.229,Russia
2/1/2012,-22.502,Russia
3/1/2012,-15.098,Russia
4/1/2012,-2.503,Russia
5/1/2012,6.594,Russia
6/1/2012,14.441,Russia
7/1/2012,16.741,Russia
8/1/2012,13.014,Russia
9/1/2012,7.769,Russia
10/1/2012,-2.708,Russia
11/1/2012,-13.9,Russia
12/1/2012,-24.44,Russia
1/1/2012,20.402,Rwanda
2/1/2012,20.277,Rwanda
3/1/2012,20.194,Rwanda
4/1/2012,19.22,Rwanda
5/1/2012,19.282,Rwanda
6/1/2012,19.973,Rwanda
7/1/2012,19.773,Rwanda
8/1/2012,20.562,Rwanda
9/1/2012,20.8,Rwanda
10/1/2012,19.927,Rwanda
11/1/2012,19.797,Rwanda
12/1/2012,19.306,Rwanda
1/1/2012,25.678,Saint Barthélemy
2/1/2012,25.868,Saint Barthélemy
3/1/2012,26.182,Saint Barthélemy
4/1/2012,26.622,Saint Barthélemy
5/1/2012,27.448,Saint Barthélemy
6/1/2012,28.883,Saint Barthélemy
7/1/2012,29.073,Saint Barthélemy
8/1/2012,29.171,Saint Barthélemy
9/1/2012,29.309,Saint Barthélemy
10/1/2012,28.758,Saint Barthélemy
11/1/2012,28.203,Saint Barthélemy
12/1/2012,26.476,Saint Barthélemy
1/1/2012,25.059,Saint Kitts And Nevis
2/1/2012,25.165,Saint Kitts And Nevis
3/1/2012,25.457,Saint Kitts And Nevis
4/1/2012,26.052,Saint Kitts And Nevis
5/1/2012,26.791,Saint Kitts And Nevis
6/1/2012,28.221,Saint Kitts And Nevis
7/1/2012,28.13,Saint Kitts And Nevis
8/1/2012,28.176,Saint Kitts And Nevis
9/1/2012,28.265,Saint Kitts And Nevis
10/1/2012,27.726,Saint Kitts And Nevis
11/1/2012,27.365,Saint Kitts And Nevis
12/1/2012,25.855,Saint Kitts And Nevis
1/1/2012,26.312,Saint Lucia
2/1/2012,26.048,Saint Lucia
3/1/2012,26.44,Saint Lucia
4/1/2012,26.99,Saint Lucia
5/1/2012,27.603,Saint Lucia
6/1/2012,28.545,Saint Lucia
7/1/2012,28.436,Saint Lucia
8/1/2012,28.436,Saint Lucia
9/1/2012,28.641,Saint Lucia
10/1/2012,28.313,Saint Lucia
11/1/2012,28.196,Saint Lucia
12/1/2012,26.987,Saint Lucia
1/1/2012,25.678,Saint Martin
2/1/2012,25.868,Saint Martin
3/1/2012,26.182,Saint Martin
4/1/2012,26.622,Saint Martin
5/1/2012,27.448,Saint Martin
6/1/2012,28.883,Saint Martin
7/1/2012,29.073,Saint Martin
8/1/2012,29.171,Saint Martin
9/1/2012,29.309,Saint Martin
10/1/2012,28.758,Saint Martin
11/1/2012,28.203,Saint Martin
12/1/2012,26.476,Saint Martin
1/1/2012,-2.319,Saint Pierre And Miquelon
2/1/2012,-3.33,Saint Pierre And Miquelon
3/1/2012,-1.654,Saint Pierre And Miquelon
4/1/2012,4.103,Saint Pierre And Miquelon
5/1/2012,8.776,Saint Pierre And Miquelon
6/1/2012,11.069,Saint Pierre And Miquelon
7/1/2012,16.56,Saint Pierre And Miquelon
8/1/2012,18.127,Saint Pierre And Miquelon
9/1/2012,14.868,Saint Pierre And Miquelon
10/1/2012,9.423,Saint Pierre And Miquelon
11/1/2012,4.736,Saint Pierre And Miquelon
12/1/2012,0.044,Saint Pierre And Miquelon
1/1/2012,26.522,Saint Vincent And The Grenadines
2/1/2012,26.299,Saint Vincent And The Grenadines
3/1/2012,26.649,Saint Vincent And The Grenadines
4/1/2012,27.19,Saint Vincent And The Grenadines
5/1/2012,27.723,Saint Vincent And The Grenadines
6/1/2012,28.558,Saint Vincent And The Grenadines
7/1/2012,28.433,Saint Vincent And The Grenadines
8/1/2012,28.557,Saint Vincent And The Grenadines
9/1/2012,28.812,Saint Vincent And The Grenadines
10/1/2012,28.514,Saint Vincent And The Grenadines
11/1/2012,28.386,Saint Vincent And The Grenadines
12/1/2012,27.196,Saint Vincent And The Grenadines
1/1/2012,26.852,Samoa
2/1/2012,26.713,Samoa
3/1/2012,26.636,Samoa
4/1/2012,26.916,Samoa
5/1/2012,26.782,Samoa
6/1/2012,26.812,Samoa
7/1/2012,26.397,Samoa
8/1/2012,26.709,Samoa
9/1/2012,27.065,Samoa
10/1/2012,27.305,Samoa
11/1/2012,27.758,Samoa
12/1/2012,27.175,Samoa
1/1/2012,6.424,San Marino
2/1/2012,3.447,San Marino
3/1/2012,12.058,San Marino
4/1/2012,12.847,San Marino
5/1/2012,16.628,San Marino
6/1/2012,22.18,San Marino
7/1/2012,25.078,San Marino
8/1/2012,25.792,San Marino
9/1/2012,20.726,San Marino
10/1/2012,16.897,San Marino
11/1/2012,14.156,San Marino
12/1/2012,7.702,San Marino
1/1/2012,26.552,Sao Tome And Principe
2/1/2012,26.603,Sao Tome And Principe
3/1/2012,27.617,Sao Tome And Principe
4/1/2012,27.103,Sao Tome And Principe
5/1/2012,26.649,Sao Tome And Principe
6/1/2012,26.194,Sao Tome And Principe
7/1/2012,25.491,Sao Tome And Principe
8/1/2012,25.575,Sao Tome And Principe
9/1/2012,25.954,Sao Tome And Principe
10/1/2012,26.156,Sao Tome And Principe
11/1/2012,26.348,Sao Tome And Principe
12/1/2012,26.475,Sao Tome And Principe
1/1/2012,15.939,Saudi Arabia
2/1/2012,18.067,Saudi Arabia
3/1/2012,21.121,Saudi Arabia
4/1/2012,26.77,Saudi Arabia
5/1/2012,32.754,Saudi Arabia
6/1/2012,35.313,Saudi Arabia
7/1/2012,36.495,Saudi Arabia
8/1/2012,35.731,Saudi Arabia
9/1/2012,32.811,Saudi Arabia
10/1/2012,28.377,Saudi Arabia
11/1/2012,22.433,Saudi Arabia
12/1/2012,18.056,Saudi Arabia
1/1/2012,24.837,Senegal
2/1/2012,26.091,Senegal
3/1/2012,29.655,Senegal
4/1/2012,31.054,Senegal
5/1/2012,32.243,Senegal
6/1/2012,31.117,Senegal
7/1/2012,28.855,Senegal
8/1/2012,27.964,Senegal
9/1/2012,28.186,Senegal
10/1/2012,29.236,Senegal
11/1/2012,29.2,Senegal
12/1/2012,25.189,Senegal
1/1/2012,-0.81,Serbia
2/1/2012,-4.64,Serbia
3/1/2012,7.222,Serbia
4/1/2012,11.678,Serbia
5/1/2012,15.621,Serbia
6/1/2012,21.6,Serbia
7/1/2012,24.445,Serbia
8/1/2012,23.453,Serbia
9/1/2012,19.029,Serbia
10/1/2012,12.507,Serbia
11/1/2012,7.85,Serbia
12/1/2012,-0.534,Serbia
1/1/2012,27.239,Seychelles
2/1/2012,27.611,Seychelles
3/1/2012,28.275,Seychelles
4/1/2012,28.878,Seychelles
5/1/2012,28.974,Seychelles
6/1/2012,27.63,Seychelles
7/1/2012,26.729,Seychelles
8/1/2012,27.144,Seychelles
9/1/2012,28.688,Seychelles
10/1/2012,28.31,Seychelles
11/1/2012,26.247,Seychelles
12/1/2012,27.546,Seychelles
1/1/2012,26.026,Sierra Leone
2/1/2012,27.064,Sierra Leone
3/1/2012,28.685,Sierra Leone
4/1/2012,28.081,Sierra Leone
5/1/2012,27.432,Sierra Leone
6/1/2012,26.129,Sierra Leone
7/1/2012,25.421,Sierra Leone
8/1/2012,25.966,Sierra Leone
9/1/2012,25.329,Sierra Leone
10/1/2012,25.925,Sierra Leone
11/1/2012,27.531,Sierra Leone
12/1/2012,26.528,Sierra Leone
1/1/2012,26.842,Singapore
2/1/2012,26.955,Singapore
3/1/2012,27.058,Singapore
4/1/2012,27.278,Singapore
5/1/2012,28,Singapore
6/1/2012,28.372,Singapore
7/1/2012,27.445,Singapore
8/1/2012,27.556,Singapore
9/1/2012,27.551,Singapore
10/1/2012,27.192,Singapore
11/1/2012,26.951,Singapore
12/1/2012,26.443,Singapore
1/1/2012,25.678,Sint Maarten
2/1/2012,25.868,Sint Maarten
3/1/2012,26.182,Sint Maarten
4/1/2012,26.622,Sint Maarten
5/1/2012,27.448,Sint Maarten
6/1/2012,28.883,Sint Maarten
7/1/2012,29.073,Sint Maarten
8/1/2012,29.171,Sint Maarten
9/1/2012,29.309,Sint Maarten
10/1/2012,28.758,Sint Maarten
11/1/2012,28.203,Sint Maarten
12/1/2012,26.476,Sint Maarten
1/1/2012,-1.353,Slovakia
2/1/2012,-5.827,Slovakia
3/1/2012,5.015,Slovakia
4/1/2012,9.358,Slovakia
5/1/2012,14.677,Slovakia
6/1/2012,17.914,Slovakia
7/1/2012,20.214,Slovakia
8/1/2012,19.325,Slovakia
9/1/2012,15.182,Slovakia
10/1/2012,8.776,Slovakia
11/1/2012,5.682,Slovakia
12/1/2012,-2.485,Slovakia
1/1/2012,0.886,Slovenia
2/1/2012,-2.27,Slovenia
3/1/2012,8.83,Slovenia
4/1/2012,10.614,Slovenia
5/1/2012,15.343,Slovenia
6/1/2012,20.358,Slovenia
7/1/2012,22.256,Slovenia
8/1/2012,22.389,Slovenia
9/1/2012,16.784,Slovenia
10/1/2012,11.311,Slovenia
11/1/2012,8.175,Slovenia
12/1/2012,0.663,Slovenia
1/1/2012,27.491,Solomon Islands
2/1/2012,27.262,Solomon Islands
3/1/2012,27.663,Solomon Islands
4/1/2012,27.308,Solomon Islands
5/1/2012,27.225,Solomon Islands
6/1/2012,27.118,Solomon Islands
7/1/2012,26.915,Solomon Islands
8/1/2012,27.439,Solomon Islands
9/1/2012,26.743,Solomon Islands
10/1/2012,26.995,Solomon Islands
11/1/2012,26.784,Solomon Islands
12/1/2012,27.217,Solomon Islands
1/1/2012,26.046,Somalia
2/1/2012,26.573,Somalia
3/1/2012,27.855,Somalia
4/1/2012,28.981,Somalia
5/1/2012,29.036,Somalia
6/1/2012,29.081,Somalia
7/1/2012,28.006,Somalia
8/1/2012,28.993,Somalia
9/1/2012,29.3,Somalia
10/1/2012,27.733,Somalia
11/1/2012,26.985,Somalia
12/1/2012,26.673,Somalia
1/1/2012,24.024,South Africa
2/1/2012,23.04,South Africa
3/1/2012,21.742,South Africa
4/1/2012,16.941,South Africa
5/1/2012,14.893,South Africa
6/1/2012,11.436,South Africa
7/1/2012,10.952,South Africa
8/1/2012,13.253,South Africa
9/1/2012,15.505,South Africa
10/1/2012,18.507,South Africa
11/1/2012,21.379,South Africa
12/1/2012,22.491,South Africa
1/1/2012,24.146,South America
2/1/2012,23.92,South America
3/1/2012,23.619,South America
4/1/2012,22.493,South America
5/1/2012,21.533,South America
6/1/2012,20.427,South America
7/1/2012,19.814,South America
8/1/2012,21.445,South America
9/1/2012,22.981,South America
10/1/2012,23.726,South America
11/1/2012,24.252,South America
12/1/2012,24.315,South America
1/1/2012,5.28,South Georgia And The South Sandwich Isla
2/1/2012,5.131,South Georgia And The South Sandwich Isla
3/1/2012,3.946,South Georgia And The South Sandwich Isla
4/1/2012,1.434,South Georgia And The South Sandwich Isla
5/1/2012,0.61,South Georgia And The South Sandwich Isla
6/1/2012,-0.261,South Georgia And The South Sandwich Isla
7/1/2012,-1.603,South Georgia And The South Sandwich Isla
8/1/2012,0.725,South Georgia And The South Sandwich Isla
9/1/2012,0.246,South Georgia And The South Sandwich Isla
10/1/2012,1.697,South Georgia And The South Sandwich Isla
11/1/2012,2.541,South Georgia And The South Sandwich Isla
12/1/2012,3.08,South Georgia And The South Sandwich Isla
1/1/2012,-1.36,South Korea
2/1/2012,-0.705,South Korea
3/1/2012,5.661,South Korea
4/1/2012,12.638,South Korea
5/1/2012,18.366,South Korea
6/1/2012,22.046,South Korea
7/1/2012,25.571,South Korea
8/1/2012,26.496,South Korea
9/1/2012,20.416,South Korea
10/1/2012,14.644,South Korea
11/1/2012,6.571,South Korea
12/1/2012,-1.644,South Korea
1/1/2012,6.543,Spain
2/1/2012,5.31,Spain
3/1/2012,10.979,Spain
4/1/2012,11.121,Spain
5/1/2012,17.767,Spain
6/1/2012,21.717,Spain
7/1/2012,23.242,Spain
8/1/2012,24.611,Spain
9/1/2012,20.287,Spain
10/1/2012,15.244,Spain
11/1/2012,10.458,Spain
12/1/2012,7.681,Spain
1/1/2012,26.206,Sri Lanka
2/1/2012,26.988,Sri Lanka
3/1/2012,28.301,Sri Lanka
4/1/2012,28.147,Sri Lanka
5/1/2012,29.542,Sri Lanka
6/1/2012,29.18,Sri Lanka
7/1/2012,28.935,Sri Lanka
8/1/2012,28.442,Sri Lanka
9/1/2012,28.483,Sri Lanka
10/1/2012,26.922,Sri Lanka
11/1/2012,27.849,Sri Lanka
12/1/2012,26.403,Sri Lanka
1/1/2012,22.653,Sudan
2/1/2012,26.433,Sudan
3/1/2012,27.609,Sudan
4/1/2012,29.007,Sudan
5/1/2012,31.32,Sudan
6/1/2012,31.555,Sudan
7/1/2012,28.684,Sudan
8/1/2012,28.863,Sudan
9/1/2012,29.059,Sudan
10/1/2012,29.248,Sudan
11/1/2012,26.769,Sudan
12/1/2012,23.222,Sudan
1/1/2012,25.992,Suriname
2/1/2012,25.766,Suriname
3/1/2012,26.553,Suriname
4/1/2012,26.624,Suriname
5/1/2012,26.801,Suriname
6/1/2012,26.767,Suriname
7/1/2012,26.938,Suriname
8/1/2012,27.703,Suriname
9/1/2012,28.497,Suriname
10/1/2012,28.583,Suriname
11/1/2012,28.591,Suriname
12/1/2012,27.458,Suriname
1/1/2012,-5.779,Svalbard And Jan Mayen
2/1/2012,-7.334,Svalbard And Jan Mayen
3/1/2012,-7.578,Svalbard And Jan Mayen
4/1/2012,-10.84,Svalbard And Jan Mayen
5/1/2012,-3.624,Svalbard And Jan Mayen
6/1/2012,1.986,Svalbard And Jan Mayen
7/1/2012,4.534,Svalbard And Jan Mayen
8/1/2012,4.027,Svalbard And Jan Mayen
9/1/2012,1.291,Svalbard And Jan Mayen
10/1/2012,-4.256,Svalbard And Jan Mayen
11/1/2012,-7.878,Svalbard And Jan Mayen
12/1/2012,-9.921,Svalbard And Jan Mayen
1/1/2012,23.176,Swaziland
2/1/2012,23.607,Swaziland
3/1/2012,22.076,Swaziland
4/1/2012,18.733,Swaziland
5/1/2012,18.052,Swaziland
6/1/2012,15.429,Swaziland
7/1/2012,14.529,Swaziland
8/1/2012,17.193,Swaziland
9/1/2012,18.028,Swaziland
10/1/2012,20.437,Swaziland
11/1/2012,21.075,Swaziland
12/1/2012,22.526,Swaziland
1/1/2012,-6.374,Sweden
2/1/2012,-7.674,Sweden
3/1/2012,0.655,Sweden
4/1/2012,1.057,Sweden
5/1/2012,7.71,Sweden
6/1/2012,10.702,Sweden
7/1/2012,14.372,Sweden
8/1/2012,13.33,Sweden
9/1/2012,8.632,Sweden
10/1/2012,2.58,Sweden
11/1/2012,-0.05,Sweden
12/1/2012,-9.266,Sweden
1/1/2012,-0.067,Switzerland
2/1/2012,-4.513,Switzerland
3/1/2012,6.19,Switzerland
4/1/2012,6.996,Switzerland
5/1/2012,12.569,Switzerland
6/1/2012,15.525,Switzerland
7/1/2012,16.954,Switzerland
8/1/2012,18.243,Switzerland
9/1/2012,13.119,Switzerland
10/1/2012,8.436,Switzerland
11/1/2012,4.478,Switzerland
12/1/2012,-0.019,Switzerland
1/1/2012,6.444,Syria
2/1/2012,7.463,Syria
3/1/2012,10.544,Syria
4/1/2012,19.683,Syria
5/1/2012,23.53,Syria
6/1/2012,29.281,Syria
7/1/2012,31.382,Syria
8/1/2012,30.36,Syria
9/1/2012,27.529,Syria
10/1/2012,21.806,Syria
11/1/2012,15.149,Syria
12/1/2012,9.12,Syria
1/1/2012,16.416,Taiwan
2/1/2012,16.918,Taiwan
3/1/2012,19.384,Taiwan
4/1/2012,22.802,Taiwan
5/1/2012,25.047,Taiwan
6/1/2012,26.096,Taiwan
7/1/2012,27.982,Taiwan
8/1/2012,27.253,Taiwan
9/1/2012,26.132,Taiwan
10/1/2012,23.674,Taiwan
11/1/2012,21.168,Taiwan
12/1/2012,17.828,Taiwan
1/1/2012,-11.48,Tajikistan
2/1/2012,-10.589,Tajikistan
3/1/2012,-2.537,Tajikistan
4/1/2012,7.927,Tajikistan
5/1/2012,10.401,Tajikistan
6/1/2012,15.263,Tajikistan
7/1/2012,17.803,Tajikistan
8/1/2012,17.58,Tajikistan
9/1/2012,11.762,Tajikistan
10/1/2012,5.729,Tajikistan
11/1/2012,-1.368,Tajikistan
12/1/2012,-8.44,Tajikistan
1/1/2012,23.717,Tanzania
2/1/2012,23.981,Tanzania
3/1/2012,23.762,Tanzania
4/1/2012,22.695,Tanzania
5/1/2012,22.213,Tanzania
6/1/2012,21.447,Tanzania
7/1/2012,20.893,Tanzania
8/1/2012,21.965,Tanzania
9/1/2012,23.469,Tanzania
10/1/2012,24.116,Tanzania
11/1/2012,24.613,Tanzania
12/1/2012,23.953,Tanzania
1/1/2012,24.475,Thailand
2/1/2012,26.318,Thailand
3/1/2012,27.924,Thailand
4/1/2012,29.019,Thailand
5/1/2012,28.562,Thailand
6/1/2012,28.266,Thailand
7/1/2012,27.685,Thailand
8/1/2012,27.685,Thailand
9/1/2012,27.439,Thailand
10/1/2012,27.256,Thailand
11/1/2012,27.256,Thailand
12/1/2012,25.583,Thailand
1/1/2012,26.783,Timor Leste
2/1/2012,26.698,Timor Leste
3/1/2012,26.316,Timor Leste
4/1/2012,26.513,Timor Leste
5/1/2012,25.675,Timor Leste
6/1/2012,24.505,Timor Leste
7/1/2012,24.563,Timor Leste
8/1/2012,24.285,Timor Leste
9/1/2012,25.501,Timor Leste
10/1/2012,27.386,Timor Leste
11/1/2012,28.365,Timor Leste
12/1/2012,27.883,Timor Leste
1/1/2012,27.438,Togo
2/1/2012,29.019,Togo
3/1/2012,30.167,Togo
4/1/2012,29.255,Togo
5/1/2012,27.973,Togo
6/1/2012,26.949,Togo
7/1/2012,25.694,Togo
8/1/2012,25.361,Togo
9/1/2012,25.948,Togo
10/1/2012,26.489,Togo
11/1/2012,27.882,Togo
12/1/2012,26.864,Togo
1/1/2012,25.54,Tonga
2/1/2012,25.483,Tonga
3/1/2012,26.431,Tonga
4/1/2012,25.013,Tonga
5/1/2012,23.276,Tonga
6/1/2012,22.166,Tonga
7/1/2012,21.872,Tonga
8/1/2012,21.632,Tonga
9/1/2012,22.068,Tonga
10/1/2012,23.173,Tonga
11/1/2012,24.071,Tonga
12/1/2012,25.375,Tonga
1/1/2012,26.078,Trinidad And Tobago
2/1/2012,26.036,Trinidad And Tobago
3/1/2012,26.371,Trinidad And Tobago
4/1/2012,26.942,Trinidad And Tobago
5/1/2012,27.253,Trinidad And Tobago
6/1/2012,27.237,Trinidad And Tobago
7/1/2012,27.006,Trinidad And Tobago
8/1/2012,27.444,Trinidad And Tobago
9/1/2012,27.823,Trinidad And Tobago
10/1/2012,27.708,Trinidad And Tobago
11/1/2012,27.74,Trinidad And Tobago
12/1/2012,26.695,Trinidad And Tobago
1/1/2012,10.832,Tunisia
2/1/2012,9.754,Tunisia
3/1/2012,15.195,Tunisia
4/1/2012,20.132,Tunisia
5/1/2012,24.083,Tunisia
6/1/2012,30.116,Tunisia
7/1/2012,32.394,Tunisia
8/1/2012,31.986,Tunisia
9/1/2012,27.892,Tunisia
10/1/2012,24.072,Tunisia
11/1/2012,18.831,Tunisia
12/1/2012,12.463,Tunisia
1/1/2012,0.14,Turkey
2/1/2012,-0.763,Turkey
3/1/2012,3.779,Turkey
4/1/2012,12.901,Turkey
5/1/2012,16.322,Turkey
6/1/2012,21.947,Turkey
7/1/2012,24.936,Turkey
8/1/2012,24.211,Turkey
9/1/2012,21.021,Turkey
10/1/2012,15.988,Turkey
11/1/2012,10.001,Turkey
12/1/2012,3.77,Turkey
1/1/2012,0.008,Turkmenistan
2/1/2012,-0.964,Turkmenistan
3/1/2012,8.137,Turkmenistan
4/1/2012,20.446,Turkmenistan
5/1/2012,24.749,Turkmenistan
6/1/2012,28.878,Turkmenistan
7/1/2012,30.807,Turkmenistan
8/1/2012,29.696,Turkmenistan
9/1/2012,22.338,Turkmenistan
10/1/2012,16.844,Turkmenistan
11/1/2012,8.318,Turkmenistan
12/1/2012,1.013,Turkmenistan
1/1/2012,24.947,Turks And Caicas Islands
2/1/2012,25.386,Turks And Caicas Islands
3/1/2012,25.617,Turks And Caicas Islands
4/1/2012,25.983,Turks And Caicas Islands
5/1/2012,27.812,Turks And Caicas Islands
6/1/2012,29.404,Turks And Caicas Islands
7/1/2012,29.813,Turks And Caicas Islands
8/1/2012,29.673,Turks And Caicas Islands
9/1/2012,29.282,Turks And Caicas Islands
10/1/2012,28.413,Turks And Caicas Islands
11/1/2012,26.804,Turks And Caicas Islands
12/1/2012,25.817,Turks And Caicas Islands
1/1/2012,24.427,Uganda
2/1/2012,25.744,Uganda
3/1/2012,25.346,Uganda
4/1/2012,23.524,Uganda
5/1/2012,23.234,Uganda
6/1/2012,23.477,Uganda
7/1/2012,22.725,Uganda
8/1/2012,23.127,Uganda
9/1/2012,23.263,Uganda
10/1/2012,23.613,Uganda
11/1/2012,23.896,Uganda
12/1/2012,23.292,Uganda
1/1/2012,-3.865,Ukraine
2/1/2012,-9.586,Ukraine
3/1/2012,1.669,Ukraine
4/1/2012,11.682,Ukraine
5/1/2012,17.988,Ukraine
6/1/2012,20.56,Ukraine
7/1/2012,23.549,Ukraine
8/1/2012,21.224,Ukraine
9/1/2012,16.578,Ukraine
10/1/2012,10.855,Ukraine
11/1/2012,4.951,Ukraine
12/1/2012,-4.117,Ukraine
1/1/2012,19.35,United Arab Emirates
2/1/2012,20.724,United Arab Emirates
3/1/2012,24.293,United Arab Emirates
4/1/2012,29.021,United Arab Emirates
5/1/2012,34.848,United Arab Emirates
6/1/2012,36.308,United Arab Emirates
7/1/2012,37.713,United Arab Emirates
8/1/2012,37.288,United Arab Emirates
9/1/2012,35.25,United Arab Emirates
10/1/2012,30.769,United Arab Emirates
11/1/2012,25.752,United Arab Emirates
12/1/2012,21.794,United Arab Emirates
1/1/2012,5.101,United Kingdom (Europe)
2/1/2012,4.758,United Kingdom (Europe)
3/1/2012,8.04,United Kingdom (Europe)
4/1/2012,6.664,United Kingdom (Europe)
5/1/2012,10.886,United Kingdom (Europe)
6/1/2012,12.053,United Kingdom (Europe)
7/1/2012,14.431,United Kingdom (Europe)
8/1/2012,15.761,United Kingdom (Europe)
9/1/2012,12.509,United Kingdom (Europe)
10/1/2012,8.828,United Kingdom (Europe)
11/1/2012,6.513,United Kingdom (Europe)
12/1/2012,4.678,United Kingdom (Europe)
1/1/2012,5.47,United Kingdom
2/1/2012,5.04,United Kingdom
3/1/2012,8.098,United Kingdom
4/1/2012,6.639,United Kingdom
5/1/2012,10.574,United Kingdom
6/1/2012,11.539,United Kingdom
7/1/2012,13.75,United Kingdom
8/1/2012,15.152,United Kingdom
9/1/2012,12.055,United Kingdom
10/1/2012,8.686,United Kingdom
11/1/2012,6.601,United Kingdom
12/1/2012,4.845,United Kingdom
1/1/2012,-2.268,United States
2/1/2012,0.582,United States
3/1/2012,6.024,United States
4/1/2012,10.196,United States
5/1/2012,15.422,United States
6/1/2012,19.954,United States
7/1/2012,23.008,United States
8/1/2012,21.422,United States
9/1/2012,17.036,United States
10/1/2012,9.688,United States
11/1/2012,3.33,United States
12/1/2012,-1.261,United States
1/1/2012,25.028,Uruguay
2/1/2012,24.765,Uruguay
3/1/2012,21.744,Uruguay
4/1/2012,17.52,Uruguay
5/1/2012,16.617,Uruguay
6/1/2012,11.603,Uruguay
7/1/2012,9.475,Uruguay
8/1/2012,15.242,Uruguay
9/1/2012,15.843,Uruguay
10/1/2012,18.4,Uruguay
11/1/2012,21.987,Uruguay
12/1/2012,23.884,Uruguay
1/1/2012,-4.027,Uzbekistan
2/1/2012,-5.264,Uzbekistan
3/1/2012,5.247,Uzbekistan
4/1/2012,19.284,Uzbekistan
5/1/2012,22.758,Uzbekistan
6/1/2012,27.343,Uzbekistan
7/1/2012,28.985,Uzbekistan
8/1/2012,27.878,Uzbekistan
9/1/2012,20.046,Uzbekistan
10/1/2012,14.099,Uzbekistan
11/1/2012,5.031,Uzbekistan
12/1/2012,-3.65,Uzbekistan
1/1/2012,25.263,Venezuela
2/1/2012,25.79,Venezuela
3/1/2012,25.989,Venezuela
4/1/2012,25.759,Venezuela
5/1/2012,25.854,Venezuela
6/1/2012,25.759,Venezuela
7/1/2012,25.361,Venezuela
8/1/2012,25.417,Venezuela
9/1/2012,25.602,Venezuela
10/1/2012,25.78,Venezuela
11/1/2012,26.233,Venezuela
12/1/2012,25.456,Venezuela
1/1/2012,19.23,Vietnam
2/1/2012,20.764,Vietnam
3/1/2012,23.205,Vietnam
4/1/2012,26.063,Vietnam
5/1/2012,27.429,Vietnam
6/1/2012,27.682,Vietnam
7/1/2012,27.405,Vietnam
8/1/2012,27.373,Vietnam
9/1/2012,26.095,Vietnam
10/1/2012,25.091,Vietnam
11/1/2012,24.192,Vietnam
12/1/2012,21.923,Vietnam
1/1/2012,25.197,Virgin Islands
2/1/2012,25.541,Virgin Islands
3/1/2012,25.784,Virgin Islands
4/1/2012,26.358,Virgin Islands
5/1/2012,27.238,Virgin Islands
6/1/2012,28.824,Virgin Islands
7/1/2012,28.826,Virgin Islands
8/1/2012,28.907,Virgin Islands
9/1/2012,28.98,Virgin Islands
10/1/2012,28.495,Virgin Islands
11/1/2012,27.946,Virgin Islands
12/1/2012,26.226,Virgin Islands
1/1/2012,17.181,Western Sahara
2/1/2012,16.902,Western Sahara
3/1/2012,21.403,Western Sahara
4/1/2012,21.583,Western Sahara
5/1/2012,26.057,Western Sahara
6/1/2012,26.803,Western Sahara
7/1/2012,28.171,Western Sahara
8/1/2012,29.201,Western Sahara
9/1/2012,27.554,Western Sahara
10/1/2012,25.204,Western Sahara
11/1/2012,22.031,Western Sahara
12/1/2012,17.551,Western Sahara
1/1/2012,21.513,Yemen
2/1/2012,22.58,Yemen
3/1/2012,25.226,Yemen
4/1/2012,28.047,Yemen
5/1/2012,30.904,Yemen
6/1/2012,32.52,Yemen
7/1/2012,31.749,Yemen
8/1/2012,31.642,Yemen
9/1/2012,30.549,Yemen
10/1/2012,27.668,Yemen
11/1/2012,24.504,Yemen
12/1/2012,22.438,Yemen
1/1/2012,22.417,Zambia
2/1/2012,22.489,Zambia
3/1/2012,22.703,Zambia
4/1/2012,20.98,Zambia
5/1/2012,20.179,Zambia
6/1/2012,17.647,Zambia
7/1/2012,17.505,Zambia
8/1/2012,20.57,Zambia
9/1/2012,23.711,Zambia
10/1/2012,24.1,Zambia
11/1/2012,24.684,Zambia
12/1/2012,23.388,Zambia
1/1/2012,23.872,Zimbabwe
2/1/2012,24.294,Zimbabwe
3/1/2012,23.596,Zimbabwe
4/1/2012,20.349,Zimbabwe
5/1/2012,19.712,Zimbabwe
6/1/2012,16.631,Zimbabwe
7/1/2012,16.048,Zimbabwe
8/1/2012,18.946,Zimbabwe
9/1/2012,22.609,Zimbabwe
10/1/2012,23.482,Zimbabwe
11/1/2012,24.606,Zimbabwe
12/1/2012,24.111,Zimbabwe
